carbon_percent,chromium_percent,manganese_percent,silicon_percent,nickel_percent,cobalt_percent,molybdenum_percent,tungsten_percent,niobium_percent,aluminium_percent,phosphorous_percent,copper_percent,titanium_percent,tantalum_percent,hafnium_percent,rhenium_percent,vanadium_percent,boron_percent,nitrogen_percent,oxygen_percent,sulphur_percent,yield_strength,uts,elongation,reduction_area
0.15,9.83,0.41,0.09,0.27,1.48,1.26,0.482,0.056,0.016,0.001,0.003,0,0.279,0,0,0.209,0.01,0.02,0.0036,0.005,847.64,1010.5,24.1,60.7
0.15,9.83,0.41,0.09,0.27,1.48,1.26,0.482,0.056,0.016,0.001,0.003,0,0.279,0,0,0.209,0.01,0.02,0.0036,0.005,836,993,26,66
0.15,9.83,0.41,0.09,0.27,1.48,1.26,0.482,0.056,0.016,0.001,0.003,0,0.279,0,0,0.209,0.01,0.02,0.0036,0.005,801,942,23,67
0.15,9.83,0.41,0.09,0.27,1.48,1.26,0.482,0.056,0.016,0.001,0.003,0,0.279,0,0,0.209,0.01,0.02,0.0036,0.005,800,941,23,63
0.15,9.83,0.41,0.09,0.27,1.48,1.26,0.482,0.056,0.016,0.001,0.003,0,0.279,0,0,0.209,0.01,0.02,0.0036,0.005,785,914,20,65
0.15,9.83,0.41,0.09,0.27,1.48,1.26,0.482,0.056,0.016,0.001,0.003,0,0.279,0,0,0.209,0.01,0.02,0.0036,0.005,769,887,19,64
0.15,9.83,0.41,0.09,0.27,1.48,1.26,0.482,0.056,0.016,0.001,0.003,0,0.279,0,0,0.209,0.01,0.02,0.0036,0.005,768,890,19.01,61
0.15,9.83,0.41,0.09,0.27,1.48,1.26,0.482,0.056,0.016,0.001,0.003,0,0.279,0,0,0.209,0.01,0.02,0.0036,0.005,759,872,22,68
0.15,9.83,0.41,0.09,0.27,1.48,1.26,0.482,0.056,0.016,0.001,0.003,0,0.279,0,0,0.209,0.01,0.02,0.0036,0.005,758,872,18.695,59
0.15,9.83,0.41,0.09,0.27,1.48,1.26,0.482,0.056,0.016,0.001,0.003,0,0.279,0,0,0.209,0.01,0.02,0.0036,0.005,744,849,18,60
0.15,9.83,0.41,0.09,0.27,1.48,1.26,0.482,0.056,0.016,0.001,0.003,0,0.279,0,0,0.209,0.01,0.02,0.0036,0.005,743,849,18.019,62
0.15,9.83,0.41,0.09,0.27,1.48,1.26,0.482,0.056,0.016,0.001,0.003,0,0.279,0,0,0.209,0.01,0.02,0.0036,0.005,731,835,18,67
0.15,9.83,0.41,0.09,0.27,1.48,1.26,0.482,0.056,0.016,0.001,0.003,0,0.279,0,0,0.209,0.01,0.02,0.0036,0.005,730,831,18.218,65
0.15,9.83,0.41,0.09,0.27,1.48,1.26,0.482,0.056,0.016,0.001,0.003,0,0.279,0,0,0.209,0.01,0.02,0.0036,0.005,708,803,17,61
0.15,9.83,0.41,0.09,0.27,1.48,1.26,0.482,0.056,0.016,0.001,0.003,0,0.279,0,0,0.209,0.01,0.02,0.0036,0.005,712,809,18.097,67
0.15,9.83,0.41,0.09,0.27,1.48,1.26,0.482,0.056,0.016,0.001,0.003,0,0.279,0,0,0.209,0.01,0.02,0.0036,0.005,680,776,23,69
0.15,9.83,0.41,0.09,0.27,1.48,1.26,0.482,0.056,0.016,0.001,0.003,0,0.279,0,0,0.209,0.01,0.02,0.0036,0.005,686,776,20.684,63
0.15,9.83,0.41,0.09,0.27,1.48,1.26,0.482,0.056,0.016,0.001,0.003,0,0.279,0,0,0.209,0.01,0.02,0.0036,0.005,642,720,25,76
0.15,9.83,0.41,0.09,0.27,1.48,1.26,0.482,0.056,0.016,0.001,0.003,0,0.279,0,0,0.209,0.01,0.02,0.0036,0.005,635,717,21.162,67
0.15,9.83,0.41,0.09,0.27,1.48,1.26,0.482,0.056,0.016,0.001,0.003,0,0.279,0,0,0.209,0.01,0.02,0.0036,0.005,567,642,37,84
0.15,9.83,0.41,0.09,0.27,1.48,1.26,0.482,0.056,0.016,0.001,0.003,0,0.279,0,0,0.209,0.01,0.02,0.0036,0.005,568,643,26.094,71
0.15,9.83,0.41,0.09,0.27,1.48,1.26,0.482,0.056,0.016,0.001,0.003,0,0.279,0,0,0.209,0.01,0.02,0.0036,0.005,493.65,569.2,31.8,81.4
0.15,9.83,0.41,0.09,0.27,1.48,1.26,0.482,0.056,0.016,0.001,0.003,0,0.279,0,0,0.209,0.01,0.02,0.0036,0.005,474,547,39,77
0.15,9.83,0.41,0.09,0.27,1.48,1.26,0.482,0.056,0.016,0.001,0.003,0,0.279,0,0,0.209,0.01,0.02,0.0036,0.005,396.44,467.9,36.7,83.1
0.15,9.83,0.41,0.09,0.27,1.48,1.26,0.482,0.056,0.016,0.001,0.003,0,0.279,0,0,0.209,0.01,0.02,0.0036,0.005,390,452,39,85
0.15,9.81,0.29,0.15,0.22,1.53,1.46,0.428,0.059,0.005,0.003,0.003,0,0.202,0,0,0.204,0.0078,0.0252,0.0029,0.0058,830,986,24,61
0.15,9.81,0.29,0.15,0.22,1.53,1.46,0.428,0.059,0.005,0.003,0.003,0,0.202,0,0,0.204,0.0078,0.0252,0.0029,0.0058,794,924,17.0418,55
0.15,9.81,0.29,0.15,0.22,1.53,1.46,0.428,0.059,0.005,0.003,0.003,0,0.202,0,0,0.204,0.0078,0.0252,0.0029,0.0058,763,877,20,65
0.15,9.81,0.29,0.15,0.22,1.53,1.46,0.428,0.059,0.005,0.003,0.003,0,0.202,0,0,0.204,0.0078,0.0252,0.0029,0.0058,754,859,17.92605,65
0.15,9.81,0.29,0.15,0.22,1.53,1.46,0.428,0.059,0.005,0.003,0.003,0,0.202,0,0,0.204,0.0078,0.0252,0.0029,0.0058,681,778,21,66
0.15,9.81,0.29,0.15,0.22,1.53,1.46,0.428,0.059,0.005,0.003,0.003,0,0.202,0,0,0.204,0.0078,0.0252,0.0029,0.0058,635,727,20.09646,71
0.15,9.81,0.29,0.15,0.22,1.53,1.46,0.428,0.059,0.005,0.003,0.003,0,0.202,0,0,0.204,0.0078,0.0252,0.0029,0.0058,477,554,27.09003,78
0.16,9.95,0.47,0.11,0.22,1.59,1.34,0.493,0.061,0.009,0.003,0.003,0,0.198,0,0,0.194,0.0086,0.0222,0.0034,0.0055,842.29,998.3,19.7,62.5
0.16,9.95,0.47,0.11,0.22,1.59,1.34,0.493,0.061,0.009,0.003,0.003,0,0.198,0,0,0.194,0.0086,0.0222,0.0034,0.0055,775,899,16.55949,60
0.16,9.95,0.47,0.11,0.22,1.59,1.34,0.493,0.061,0.009,0.003,0.003,0,0.198,0,0,0.194,0.0086,0.0222,0.0034,0.0055,743,851,19,63
0.16,9.95,0.47,0.11,0.22,1.59,1.34,0.493,0.061,0.009,0.003,0.003,0,0.198,0,0,0.194,0.0086,0.0222,0.0034,0.0055,740,832,15.65,63
0.16,9.95,0.47,0.11,0.22,1.59,1.34,0.493,0.061,0.009,0.003,0.003,0,0.198,0,0,0.194,0.0086,0.0222,0.0034,0.0055,718,811,15.93,55
0.16,9.95,0.47,0.11,0.22,1.59,1.34,0.493,0.061,0.009,0.003,0.003,0,0.198,0,0,0.194,0.0086,0.0222,0.0034,0.0055,690,783,17.0418,60
0.16,9.95,0.47,0.11,0.22,1.59,1.34,0.493,0.061,0.009,0.003,0.003,0,0.198,0,0,0.194,0.0086,0.0222,0.0034,0.0055,633,716,27,72
0.16,9.95,0.47,0.11,0.22,1.59,1.34,0.493,0.061,0.009,0.003,0.003,0,0.198,0,0,0.194,0.0086,0.0222,0.0034,0.0055,568,649,24.39711,74
0.16,9.95,0.47,0.11,0.22,1.59,1.34,0.493,0.061,0.009,0.003,0.003,0,0.198,0,0,0.194,0.0086,0.0222,0.0034,0.0055,479,550,26.48,79
0.16,9.95,0.47,0.11,0.22,1.59,1.34,0.493,0.061,0.009,0.003,0.003,0,0.198,0,0,0.194,0.0086,0.0222,0.0034,0.0055,385,447,42,89
0.16,10.12,0.43,0.1,0.22,1.56,1.31,0.526,0.054,0.01,0.001,0.003,0,0.244,0,0,0.212,0.0083,0.0245,0.0036,0.0058,810,948,18.12701,61
0.16,10.12,0.43,0.1,0.22,1.56,1.31,0.526,0.054,0.01,0.001,0.003,0,0.244,0,0,0.212,0.0083,0.0245,0.0036,0.0058,784,915,21,61
0.16,10.12,0.43,0.1,0.22,1.56,1.31,0.526,0.054,0.01,0.001,0.003,0,0.244,0,0,0.212,0.0083,0.0245,0.0036,0.0058,762,876,17.48392,66
0.16,10.12,0.43,0.1,0.22,1.56,1.31,0.526,0.054,0.01,0.001,0.003,0,0.244,0,0,0.212,0.0083,0.0245,0.0036,0.0058,734,829,17,62
0.16,10.12,0.43,0.1,0.22,1.56,1.31,0.526,0.054,0.01,0.001,0.003,0,0.244,0,0,0.212,0.0083,0.0245,0.0036,0.0058,720,816,16.07717,61
0.16,10.12,0.43,0.1,0.22,1.56,1.31,0.526,0.054,0.01,0.001,0.003,0,0.244,0,0,0.212,0.0083,0.0245,0.0036,0.0058,554,638,33,69
0.16,10.12,0.43,0.1,0.22,1.56,1.31,0.526,0.054,0.01,0.001,0.003,0,0.244,0,0,0.212,0.0083,0.0245,0.0036,0.0058,389,459,28.37621,84
0.15,9.99,0.42,0.12,0.21,1.51,1.33,0.53,0.049,0.014,0.001,0.003,0,0.28,0,0,0.199,0.0087,0.0221,0.0032,0.0058,764,885,21,67
0.15,9.99,0.42,0.12,0.21,1.51,1.33,0.53,0.049,0.014,0.001,0.003,0,0.28,0,0,0.199,0.0087,0.0221,0.0032,0.0058,699,806,18,59
0.15,9.99,0.42,0.12,0.21,1.51,1.33,0.53,0.049,0.014,0.001,0.003,0,0.28,0,0,0.199,0.0087,0.0221,0.0032,0.0058,466,542,39,83
0.15,10.03,0.43,0.11,0.21,1.59,1.37,0.508,0.058,0.005,0.003,0.031,0,0.155,0,0,0.219,0.0087,0.0278,0.0064,0.0059,851,1006,23,64
0.15,10.03,0.43,0.11,0.21,1.59,1.37,0.508,0.058,0.005,0.003,0.031,0,0.155,0,0,0.219,0.0087,0.0278,0.0064,0.0059,797,927,20,67
0.15,10.03,0.43,0.11,0.21,1.59,1.37,0.508,0.058,0.005,0.003,0.031,0,0.155,0,0,0.219,0.0087,0.0278,0.0064,0.0059,769,881,19,60
0.15,10.03,0.43,0.11,0.21,1.59,1.37,0.508,0.058,0.005,0.003,0.031,0,0.155,0,0,0.219,0.0087,0.0278,0.0064,0.0059,741,838,17,57
0.15,10.03,0.43,0.11,0.21,1.59,1.37,0.508,0.058,0.005,0.003,0.031,0,0.155,0,0,0.219,0.0087,0.0278,0.0064,0.0059,691,782,22,66
0.15,10.03,0.43,0.11,0.21,1.59,1.37,0.508,0.058,0.005,0.003,0.031,0,0.155,0,0,0.219,0.0087,0.0278,0.0064,0.0059,567,646,27,73
0.15,10.03,0.43,0.11,0.21,1.59,1.37,0.508,0.058,0.005,0.003,0.031,0,0.155,0,0,0.219,0.0087,0.0278,0.0064,0.0059,472,552,39,84
0.15,10.03,0.43,0.11,0.21,1.59,1.37,0.508,0.058,0.005,0.003,0.031,0,0.155,0,0,0.219,0.0087,0.0278,0.0064,0.0059,397,463,48,87
0.15,9.88,0.41,0.08,0.27,1.47,1.27,0.472,0.056,0.019,0.001,0.006,0,0.269,0,0.115,0.202,0.0102,0.0238,0.0032,0.0058,842,994,22,57
0.15,9.88,0.41,0.08,0.27,1.47,1.27,0.472,0.056,0.019,0.001,0.006,0,0.269,0,0.115,0.202,0.0102,0.0238,0.0032,0.0058,769,891,19,58
0.15,9.88,0.41,0.08,0.27,1.47,1.27,0.472,0.056,0.019,0.001,0.006,0,0.269,0,0.115,0.202,0.0102,0.0238,0.0032,0.0058,746,847,17,61
0.15,9.88,0.41,0.08,0.27,1.47,1.27,0.472,0.056,0.019,0.001,0.006,0,0.269,0,0.115,0.202,0.0102,0.0238,0.0032,0.0058,709,809,18,54
0.15,9.88,0.41,0.08,0.27,1.47,1.27,0.472,0.056,0.019,0.001,0.006,0,0.269,0,0.115,0.202,0.0102,0.0238,0.0032,0.0058,632,717,21,69
0.15,9.88,0.41,0.08,0.27,1.47,1.27,0.472,0.056,0.019,0.001,0.006,0,0.269,0,0.115,0.202,0.0102,0.0238,0.0032,0.0058,473,555,37,79
0.15,9.88,0.41,0.08,0.27,1.47,1.27,0.472,0.056,0.019,0.001,0.006,0,0.269,0,0.115,0.202,0.0102,0.0238,0.0032,0.0058,393,458,38,83
0.15,10.64,0.42,0.1,0.28,2.93,0.5,0.513,0.056,0.013,0.001,0.033,0,0.266,0,0,0.205,0.0089,0.0341,0.005,0.006,872,1035,24,60
0.15,10.64,0.42,0.1,0.28,2.93,0.5,0.513,0.056,0.013,0.001,0.033,0,0.266,0,0,0.205,0.0089,0.0341,0.005,0.006,477,555,37,79
0.15,10.64,0.42,0.1,0.28,2.93,0.5,0.513,0.056,0.013,0.001,0.033,0,0.266,0,0,0.205,0.0089,0.0341,0.005,0.006,408,474,34,81
0.14,10.63,0.4,0.08,0.27,2.94,0.51,0.517,0.055,0.012,0.001,0.031,0,0.003,0,0,0.203,0.0087,0.02,0.0075,0.0064,769,942,22,56
0.14,10.63,0.4,0.08,0.27,2.94,0.51,0.517,0.055,0.012,0.001,0.031,0,0.003,0,0,0.203,0.0087,0.02,0.0075,0.0064,753,887,18.2,54
0.14,10.63,0.4,0.08,0.27,2.94,0.51,0.517,0.055,0.012,0.001,0.031,0,0.003,0,0,0.203,0.0087,0.02,0.0075,0.0064,740,860,17.3,57
0.14,10.63,0.4,0.08,0.27,2.94,0.51,0.517,0.055,0.012,0.001,0.031,0,0.003,0,0,0.203,0.0087,0.02,0.0075,0.0064,723.95,841.16,17,61
0.14,10.63,0.4,0.08,0.27,2.94,0.51,0.517,0.055,0.012,0.001,0.031,0,0.003,0,0,0.203,0.0087,0.02,0.0075,0.0064,717,825,17.7,60
0.14,10.63,0.4,0.08,0.27,2.94,0.51,0.517,0.055,0.012,0.001,0.031,0,0.003,0,0,0.203,0.0087,0.02,0.0075,0.0064,703.27,799.79,16,59
0.14,10.63,0.4,0.08,0.27,2.94,0.51,0.517,0.055,0.012,0.001,0.031,0,0.003,0,0,0.203,0.0087,0.02,0.0075,0.0064,690,783,14.9,55
0.14,10.63,0.4,0.08,0.27,2.94,0.51,0.517,0.055,0.012,0.001,0.031,0,0.003,0,0,0.203,0.0087,0.02,0.0075,0.0064,655,751.53,16,60
0.14,10.63,0.4,0.08,0.27,2.94,0.51,0.517,0.055,0.012,0.001,0.031,0,0.003,0,0,0.203,0.0087,0.02,0.0075,0.0064,635,715,18.1,60
0.14,10.63,0.4,0.08,0.27,2.94,0.51,0.517,0.055,0.012,0.001,0.031,0,0.003,0,0,0.203,0.0087,0.02,0.0075,0.0064,582.61,655,15,62
0.14,10.63,0.4,0.08,0.27,2.94,0.51,0.517,0.055,0.012,0.001,0.031,0,0.003,0,0,0.203,0.0087,0.02,0.0075,0.0064,527.45,596.4,24,76
0.14,10.63,0.4,0.08,0.27,2.94,0.51,0.517,0.055,0.012,0.001,0.031,0,0.003,0,0,0.203,0.0087,0.02,0.0075,0.0064,435,499,36,80
0.14,10.63,0.4,0.08,0.27,2.94,0.51,0.517,0.055,0.012,0.001,0.031,0,0.003,0,0,0.203,0.0087,0.02,0.0075,0.0064,350,419,38,85
0.15,10.18,0.41,0.1,0.23,1.59,1.35,0.596,0.051,0.005,0.002,0.042,0,0.005,0.16,0,0.213,0.0097,0.0215,0.0047,0.0059,759,918,22,55
0.15,10.18,0.41,0.1,0.23,1.59,1.35,0.596,0.051,0.005,0.002,0.042,0,0.005,0.16,0,0.213,0.0097,0.0215,0.0047,0.0059,436,499,38,84
0.15,10.18,0.41,0.1,0.23,1.59,1.35,0.596,0.051,0.005,0.002,0.042,0,0.005,0.16,0,0.213,0.0097,0.0215,0.0047,0.0059,338,413,43,89
0.15,10.62,0.42,0.1,0.23,4.67,0.54,0.479,0.054,0.005,0.002,0.043,0,0.177,0,0,0.19,0.0097,0.0296,0.0028,0.0067,857,1022,21,55
0.15,10.62,0.42,0.1,0.23,4.67,0.54,0.479,0.054,0.005,0.002,0.043,0,0.177,0,0,0.19,0.0097,0.0296,0.0028,0.0067,836,977,17.7,58
0.15,10.62,0.42,0.1,0.23,4.67,0.54,0.479,0.054,0.005,0.002,0.043,0,0.177,0,0,0.19,0.0097,0.0296,0.0028,0.0067,814,947,17.1,53
0.15,10.62,0.42,0.1,0.23,4.67,0.54,0.479,0.054,0.005,0.002,0.043,0,0.177,0,0,0.19,0.0097,0.0296,0.0028,0.0067,792.9,923.9,16,57
0.15,10.62,0.42,0.1,0.23,4.67,0.54,0.479,0.054,0.005,0.002,0.043,0,0.177,0,0,0.19,0.0097,0.0296,0.0028,0.0067,782,900,16.1,59
0.15,10.62,0.42,0.1,0.23,4.67,0.54,0.479,0.054,0.005,0.002,0.043,0,0.177,0,0,0.19,0.0097,0.0296,0.0028,0.0067,758.42,868.74,15,60
0.15,10.62,0.42,0.1,0.23,4.67,0.54,0.479,0.054,0.005,0.002,0.043,0,0.177,0,0,0.19,0.0097,0.0296,0.0028,0.0067,748,850,14.8,53
0.15,10.62,0.42,0.1,0.23,4.67,0.54,0.479,0.054,0.005,0.002,0.043,0,0.177,0,0,0.19,0.0097,0.0296,0.0028,0.0067,745.93,850.3,15,52.1
0.15,10.62,0.42,0.1,0.23,4.67,0.54,0.479,0.054,0.005,0.002,0.043,0,0.177,0,0,0.19,0.0097,0.0296,0.0028,0.0067,710.16,827.37,15,58
0.15,10.62,0.42,0.1,0.23,4.67,0.54,0.479,0.054,0.005,0.002,0.043,0,0.177,0,0,0.19,0.0097,0.0296,0.0028,0.0067,697,785,18.1,55
0.15,10.62,0.42,0.1,0.23,4.67,0.54,0.479,0.054,0.005,0.002,0.043,0,0.177,0,0,0.19,0.0097,0.0296,0.0028,0.0067,694.53,786.2,19.6,57.9
0.15,10.62,0.42,0.1,0.23,4.67,0.54,0.479,0.054,0.005,0.002,0.043,0,0.177,0,0,0.19,0.0097,0.0296,0.0028,0.0067,637.77,723.95,19,67
0.15,10.62,0.42,0.1,0.23,4.67,0.54,0.479,0.054,0.005,0.002,0.043,0,0.177,0,0,0.19,0.0097,0.0296,0.0028,0.0067,568.82,644.66,23,74
0.15,10.62,0.42,0.1,0.23,4.67,0.54,0.479,0.054,0.005,0.002,0.043,0,0.177,0,0,0.19,0.0097,0.0296,0.0028,0.0067,552.48,633.4,26.1,70.1
0.15,10.62,0.42,0.1,0.23,4.67,0.54,0.479,0.054,0.005,0.002,0.043,0,0.177,0,0,0.19,0.0097,0.0296,0.0028,0.0067,471,542,36,79
0.15,10.62,0.42,0.1,0.23,4.67,0.54,0.479,0.054,0.005,0.002,0.043,0,0.177,0,0,0.19,0.0097,0.0296,0.0028,0.0067,378,452,37,79
0.15,10.62,0.42,0.1,0.23,4.67,0.54,0.479,0.054,0.005,0.002,0.043,0,0.177,0,0,0.19,0.0097,0.0296,0.0028,0.0067,389.23,456.2,31,79.2
0.15,10.53,0.45,0.1,0.27,6.16,0.53,0.508,0.055,0.011,0.002,0.037,0,0.26,0,0,0.237,0.0088,0.0328,0.0028,0.0067,874,1042,21,55
0.15,10.53,0.45,0.1,0.27,6.16,0.53,0.508,0.055,0.011,0.002,0.037,0,0.26,0,0,0.237,0.0088,0.0328,0.0028,0.0067,846,993,18.7,54
0.15,10.53,0.45,0.1,0.27,6.16,0.53,0.508,0.055,0.011,0.002,0.037,0,0.26,0,0,0.237,0.0088,0.0328,0.0028,0.0067,819,961,15.9,55
0.15,10.53,0.45,0.1,0.27,6.16,0.53,0.508,0.055,0.011,0.002,0.037,0,0.26,0,0,0.237,0.0088,0.0328,0.0028,0.0067,806.69,944.58,16,57
0.15,10.53,0.45,0.1,0.27,6.16,0.53,0.508,0.055,0.011,0.002,0.037,0,0.26,0,0,0.237,0.0088,0.0328,0.0028,0.0067,800,919,15.4,54
0.15,10.53,0.45,0.1,0.27,6.16,0.53,0.508,0.055,0.011,0.002,0.037,0,0.26,0,0,0.237,0.0088,0.0328,0.0028,0.0067,772.21,889.42,15,56
0.15,10.53,0.45,0.1,0.27,6.16,0.53,0.508,0.055,0.011,0.002,0.037,0,0.26,0,0,0.237,0.0088,0.0328,0.0028,0.0067,776.59,888.5,15.7,54.6
0.15,10.53,0.45,0.1,0.27,6.16,0.53,0.508,0.055,0.011,0.002,0.037,0,0.26,0,0,0.237,0.0088,0.0328,0.0028,0.0067,763,870,14.7,53
0.15,10.53,0.45,0.1,0.27,6.16,0.53,0.508,0.055,0.011,0.002,0.037,0,0.26,0,0,0.237,0.0088,0.0328,0.0028,0.0067,736.9,841.3,16.3,49.3
0.15,10.53,0.45,0.1,0.27,6.16,0.53,0.508,0.055,0.011,0.002,0.037,0,0.26,0,0,0.237,0.0088,0.0328,0.0028,0.0067,730.84,841.16,16,58
0.15,10.53,0.45,0.1,0.27,6.16,0.53,0.508,0.055,0.011,0.002,0.037,0,0.26,0,0,0.237,0.0088,0.0328,0.0028,0.0067,710,801,18.6,59
0.15,10.53,0.45,0.1,0.27,6.16,0.53,0.508,0.055,0.011,0.002,0.037,0,0.26,0,0,0.237,0.0088,0.0328,0.0028,0.0067,648.11,737.74,20,69
0.15,10.53,0.45,0.1,0.27,6.16,0.53,0.508,0.055,0.011,0.002,0.037,0,0.26,0,0,0.237,0.0088,0.0328,0.0028,0.0067,651.39,731.8,23.6,63.2
0.15,10.53,0.45,0.1,0.27,6.16,0.53,0.508,0.055,0.011,0.002,0.037,0,0.26,0,0,0.237,0.0088,0.0328,0.0028,0.0067,572.27,658.45,24,74
0.15,10.53,0.45,0.1,0.27,6.16,0.53,0.508,0.055,0.011,0.002,0.037,0,0.26,0,0,0.237,0.0088,0.0328,0.0028,0.0067,455,552,40,78
0.15,10.53,0.45,0.1,0.27,6.16,0.53,0.508,0.055,0.011,0.002,0.037,0,0.26,0,0,0.237,0.0088,0.0328,0.0028,0.0067,486.69,559.7,0,0
0.15,10.53,0.45,0.1,0.27,6.16,0.53,0.508,0.055,0.011,0.002,0.037,0,0.26,0,0,0.237,0.0088,0.0328,0.0028,0.0067,387,462,37,82
0.15,10.74,0.44,0.01,0.26,8.23,0.52,0.498,0.053,0.005,0.001,0.037,0,0.185,0,0,0.197,0.0095,0.0379,0.0023,0.0075,883,1062,20,55
0.15,10.74,0.44,0.01,0.26,8.23,0.52,0.498,0.053,0.005,0.001,0.037,0,0.185,0,0,0.197,0.0095,0.0379,0.0023,0.0075,864,1019,16.55,54
0.15,10.74,0.44,0.01,0.26,8.23,0.52,0.498,0.053,0.005,0.001,0.037,0,0.185,0,0,0.197,0.0095,0.0379,0.0023,0.0075,840,985,18.3,55
0.15,10.74,0.44,0.01,0.26,8.23,0.52,0.498,0.053,0.005,0.001,0.037,0,0.185,0,0,0.197,0.0095,0.0379,0.0023,0.0075,820.48,965.27,15,54
0.15,10.74,0.44,0.01,0.26,8.23,0.52,0.498,0.053,0.005,0.001,0.037,0,0.185,0,0,0.197,0.0095,0.0379,0.0023,0.0075,817,942,15.71,55
0.15,10.74,0.44,0.01,0.26,8.23,0.52,0.498,0.053,0.005,0.001,0.037,0,0.185,0,0,0.197,0.0095,0.0379,0.0023,0.0075,792.9,917,13,49
0.15,10.74,0.44,0.01,0.26,8.23,0.52,0.498,0.053,0.005,0.001,0.037,0,0.185,0,0,0.197,0.0095,0.0379,0.0023,0.0075,785,898,15.27,51
0.15,10.74,0.44,0.01,0.26,8.23,0.52,0.498,0.053,0.005,0.001,0.037,0,0.185,0,0,0.197,0.0095,0.0379,0.0023,0.0075,751.53,861.85,15,58
0.15,10.74,0.44,0.01,0.26,8.23,0.52,0.498,0.053,0.005,0.001,0.037,0,0.185,0,0,0.197,0.0095,0.0379,0.0023,0.0075,725,827,16.35,50
0.15,10.74,0.44,0.01,0.26,8.23,0.52,0.498,0.053,0.005,0.001,0.037,0,0.185,0,0,0.197,0.0095,0.0379,0.0023,0.0075,665.34,758.42,19,65
0.15,10.74,0.44,0.01,0.26,8.23,0.52,0.498,0.053,0.005,0.001,0.037,0,0.185,0,0,0.197,0.0095,0.0379,0.0023,0.0075,579.16,675.69,23,72
0.15,10.74,0.44,0.01,0.26,8.23,0.52,0.498,0.053,0.005,0.001,0.037,0,0.185,0,0,0.197,0.0095,0.0379,0.0023,0.0075,478,564,36,77
0.15,10.74,0.44,0.01,0.26,8.23,0.52,0.498,0.053,0.005,0.001,0.037,0,0.185,0,0,0.197,0.0095,0.0379,0.0023,0.0075,389,473,38,80
0.15,9.88,0.41,0.08,0.26,0.01,1.26,0.479,0.056,0.016,0.001,0.002,0,0.266,0,0,0.205,0.0083,0.0244,0.0043,0.005,832,983,21,63
0.15,9.88,0.41,0.08,0.26,0.01,1.26,0.479,0.056,0.016,0.001,0.002,0,0.266,0,0,0.205,0.0083,0.0244,0.0043,0.005,758.42,875.63,18,66
0.15,9.88,0.41,0.08,0.26,0.01,1.26,0.479,0.056,0.016,0.001,0.002,0,0.266,0,0,0.205,0.0083,0.0244,0.0043,0.005,723.95,827.37,16,65
0.15,9.88,0.41,0.08,0.26,0.01,1.26,0.479,0.056,0.016,0.001,0.002,0,0.266,0,0,0.205,0.0083,0.0244,0.0043,0.005,696.37,799.79,17,66
0.15,9.88,0.41,0.08,0.26,0.01,1.26,0.479,0.056,0.016,0.001,0.002,0,0.266,0,0,0.205,0.0083,0.0244,0.0043,0.005,627.42,710.16,21,71
0.15,9.88,0.41,0.08,0.26,0.01,1.26,0.479,0.056,0.016,0.001,0.002,0,0.266,0,0,0.205,0.0083,0.0244,0.0043,0.005,565.37,641.21,23,76
0.15,9.88,0.41,0.08,0.26,0.01,1.26,0.479,0.056,0.016,0.001,0.002,0,0.266,0,0,0.205,0.0083,0.0244,0.0043,0.005,462,535,27,77
0.15,9.88,0.41,0.08,0.26,0.01,1.26,0.479,0.056,0.016,0.001,0.002,0,0.266,0,0,0.205,0.0083,0.0244,0.0043,0.005,384,448,32,84
0.15,9.98,0.41,0.06,0.31,2.95,1.27,0.458,0.062,0.013,0.001,0.026,0,0.355,0,0,0.208,0.0075,0.0221,0.072,0.0039,853,1011,21,61
0.15,9.98,0.41,0.06,0.31,2.95,1.27,0.458,0.062,0.013,0.001,0.026,0,0.355,0,0,0.208,0.0075,0.0221,0.072,0.0039,822,960,19.65,63
0.15,9.98,0.41,0.06,0.31,2.95,1.27,0.458,0.062,0.013,0.001,0.026,0,0.355,0,0,0.208,0.0075,0.0221,0.072,0.0039,779.11,903.21,18,68
0.15,9.98,0.41,0.06,0.31,2.95,1.27,0.458,0.062,0.013,0.001,0.026,0,0.355,0,0,0.208,0.0075,0.0221,0.072,0.0039,744.63,861.85,16,66
0.15,9.98,0.41,0.06,0.31,2.95,1.27,0.458,0.062,0.013,0.001,0.026,0,0.355,0,0,0.208,0.0075,0.0221,0.072,0.0039,717.06,820.48,16,64
0.15,9.98,0.41,0.06,0.31,2.95,1.27,0.458,0.062,0.013,0.001,0.026,0,0.355,0,0,0.208,0.0075,0.0221,0.072,0.0039,699,791,18.58,65
0.15,9.98,0.41,0.06,0.31,2.95,1.27,0.458,0.062,0.013,0.001,0.026,0,0.355,0,0,0.208,0.0075,0.0221,0.072,0.0039,637.77,717.06,20,71
0.15,9.98,0.41,0.06,0.31,2.95,1.27,0.458,0.062,0.013,0.001,0.026,0,0.355,0,0,0.208,0.0075,0.0221,0.072,0.0039,589.5,668.79,24,75
0.15,9.98,0.41,0.06,0.31,2.95,1.27,0.458,0.062,0.013,0.001,0.026,0,0.355,0,0,0.208,0.0075,0.0221,0.072,0.0039,481,554,32,80
0.15,9.98,0.41,0.06,0.31,2.95,1.27,0.458,0.062,0.013,0.001,0.026,0,0.355,0,0,0.208,0.0075,0.0221,0.072,0.0039,401,462,35,85
0.15,9.97,0.4,0.05,0.31,0.74,1.27,0.468,0.061,0.013,0.001,0.027,0,0.361,0,0,0.21,0.0075,0.0238,0.0074,0.0036,844,996,21,63
0.15,9.97,0.4,0.05,0.31,0.74,1.27,0.468,0.061,0.013,0.001,0.027,0,0.361,0,0,0.21,0.0075,0.0238,0.0074,0.0036,772.21,889.42,18,67
0.15,9.97,0.4,0.05,0.31,0.74,1.27,0.468,0.061,0.013,0.001,0.027,0,0.361,0,0,0.21,0.0075,0.0238,0.0074,0.0036,744.63,848.06,15,64
0.15,9.97,0.4,0.05,0.31,0.74,1.27,0.468,0.061,0.013,0.001,0.027,0,0.361,0,0,0.21,0.0075,0.0238,0.0074,0.0036,717.06,813.58,16,64
0.15,9.97,0.4,0.05,0.31,0.74,1.27,0.468,0.061,0.013,0.001,0.027,0,0.361,0,0,0.21,0.0075,0.0238,0.0074,0.0036,637.77,723.95,20,72
0.15,9.97,0.4,0.05,0.31,0.74,1.27,0.468,0.061,0.013,0.001,0.027,0,0.361,0,0,0.21,0.0075,0.0238,0.0074,0.0036,575.71,651.55,23,75
0.15,9.97,0.4,0.05,0.31,0.74,1.27,0.468,0.061,0.013,0.001,0.027,0,0.361,0,0,0.21,0.0075,0.0238,0.0074,0.0036,474,546,31,78
0.15,9.97,0.4,0.05,0.31,0.74,1.27,0.468,0.061,0.013,0.001,0.027,0,0.361,0,0,0.21,0.0075,0.0238,0.0074,0.0036,385,446,34,86
0.15,9.89,0.42,0.09,0.27,1.46,0.5,0.515,0.054,0.011,0.001,0.295,0,0.233,0,0,0.206,0.0113,0.0221,0.005,0.005,823,972,23,61
0.15,9.89,0.42,0.09,0.27,1.46,0.5,0.515,0.054,0.011,0.001,0.295,0,0.233,0,0,0.206,0.0113,0.0221,0.005,0.005,767,879,21,67
0.15,9.89,0.42,0.09,0.27,1.46,0.5,0.515,0.054,0.011,0.001,0.295,0,0.233,0,0,0.206,0.0113,0.0221,0.005,0.005,721,813,18,60
0.15,9.89,0.42,0.09,0.27,1.46,0.5,0.515,0.054,0.011,0.001,0.295,0,0.233,0,0,0.206,0.0113,0.0221,0.005,0.005,617,688,25,69
0.15,9.89,0.42,0.09,0.27,1.46,0.5,0.515,0.054,0.011,0.001,0.295,0,0.233,0,0,0.206,0.0113,0.0221,0.005,0.005,463,525,31,79
0.15,9.89,0.42,0.09,0.27,1.46,0.5,0.515,0.054,0.011,0.001,0.295,0,0.233,0,0,0.206,0.0113,0.0221,0.005,0.005,383,442,35,81
0.15,9.87,0.41,0.09,0.27,1.47,0.51,0.511,0.055,0.017,0.001,0.003,0,0.274,0,0.1,0.205,0.0106,0.0236,0.0027,0.0059,827,974,23,63
0.15,9.87,0.41,0.09,0.27,1.47,0.51,0.511,0.055,0.017,0.001,0.003,0,0.274,0,0.1,0.205,0.0106,0.0236,0.0027,0.0059,768,880,21,66
0.15,9.87,0.41,0.09,0.27,1.47,0.51,0.511,0.055,0.017,0.001,0.003,0,0.274,0,0.1,0.205,0.0106,0.0236,0.0027,0.0059,720,811,18,61
0.15,9.87,0.41,0.09,0.27,1.47,0.51,0.511,0.055,0.017,0.001,0.003,0,0.274,0,0.1,0.205,0.0106,0.0236,0.0027,0.0059,703,786,17.54,60
0.15,9.87,0.41,0.09,0.27,1.47,0.51,0.511,0.055,0.017,0.001,0.003,0,0.274,0,0.1,0.205,0.0106,0.0236,0.0027,0.0059,614,691,25,68
0.15,9.87,0.41,0.09,0.27,1.47,0.51,0.511,0.055,0.017,0.001,0.003,0,0.274,0,0.1,0.205,0.0106,0.0236,0.0027,0.0059,546,609,29.28,73
0.15,9.87,0.41,0.09,0.27,1.47,0.51,0.511,0.055,0.017,0.001,0.003,0,0.274,0,0.1,0.205,0.0106,0.0236,0.0027,0.0059,466,531,36,79
0.15,9.87,0.41,0.09,0.27,1.47,0.51,0.511,0.055,0.017,0.001,0.003,0,0.274,0,0.1,0.205,0.0106,0.0236,0.0027,0.0059,378,448,32,79
0.15,9.85,0.47,0.1,0.27,1.46,1.26,0.484,0.057,0.011,0.001,0.294,0,0.28,0,0,0.208,0.0104,0.0239,0.0032,0.0056,843,994,23,59
0.15,9.85,0.47,0.1,0.27,1.46,1.26,0.484,0.057,0.011,0.001,0.294,0,0.28,0,0,0.208,0.0104,0.0239,0.0032,0.0056,767,886,19,62
0.15,9.85,0.47,0.1,0.27,1.46,1.26,0.484,0.057,0.011,0.001,0.294,0,0.28,0,0,0.208,0.0104,0.0239,0.0032,0.0056,739,843,15,59
0.15,9.85,0.47,0.1,0.27,1.46,1.26,0.484,0.057,0.011,0.001,0.294,0,0.28,0,0,0.208,0.0104,0.0239,0.0032,0.0056,706,804,17,57
0.15,9.85,0.47,0.1,0.27,1.46,1.26,0.484,0.057,0.011,0.001,0.294,0,0.28,0,0,0.208,0.0104,0.0239,0.0032,0.0056,630,713,22,65
0.15,9.85,0.47,0.1,0.27,1.46,1.26,0.484,0.057,0.011,0.001,0.294,0,0.28,0,0,0.208,0.0104,0.0239,0.0032,0.0056,474,547,36,78
0.15,9.85,0.47,0.1,0.27,1.46,1.26,0.484,0.057,0.011,0.001,0.294,0,0.28,0,0,0.208,0.0104,0.0239,0.0032,0.0056,384,452,37,84
0.15,9.11,0.41,0.08,0.27,1.47,1.37,0.476,0.056,0.014,0.001,0.033,0,0.346,0,0,0.206,0.0085,0.0226,0.0028,0.0059,814,962,26,66
0.15,9.11,0.41,0.08,0.27,1.47,1.37,0.476,0.056,0.014,0.001,0.033,0,0.346,0,0,0.206,0.0085,0.0226,0.0028,0.0059,446,535,40,75
0.15,9.11,0.41,0.08,0.27,1.47,1.37,0.476,0.056,0.014,0.001,0.033,0,0.346,0,0,0.206,0.0085,0.0226,0.0028,0.0059,373,443,40,82
0.15,9.09,0.51,0.23,0.19,2.94,0.1,2.914,0.062,0.014,0.001,0.003,0,0.01,0,0,0.202,0.0104,0.0193,0.0027,0.0059,829,986,22,56
0.15,9.09,0.51,0.23,0.19,2.94,0.1,2.914,0.062,0.014,0.001,0.003,0,0.01,0,0,0.202,0.0104,0.0193,0.0027,0.0059,794,940,18,56
0.15,9.09,0.51,0.23,0.19,2.94,0.1,2.914,0.062,0.014,0.001,0.003,0,0.01,0,0,0.202,0.0104,0.0193,0.0027,0.0059,777,914,21,59
0.15,9.09,0.51,0.23,0.19,2.94,0.1,2.914,0.062,0.014,0.001,0.003,0,0.01,0,0,0.202,0.0104,0.0193,0.0027,0.0059,764,892,16,51
0.15,9.09,0.51,0.23,0.19,2.94,0.1,2.914,0.062,0.014,0.001,0.003,0,0.01,0,0,0.202,0.0104,0.0193,0.0027,0.0059,747,860,20,53
0.15,9.09,0.51,0.23,0.19,2.94,0.1,2.914,0.062,0.014,0.001,0.003,0,0.01,0,0,0.202,0.0104,0.0193,0.0027,0.0059,740,852,16,56
0.15,9.09,0.51,0.23,0.19,2.94,0.1,2.914,0.062,0.014,0.001,0.003,0,0.01,0,0,0.202,0.0104,0.0193,0.0027,0.0059,727,830,16,52
0.15,9.09,0.51,0.23,0.19,2.94,0.1,2.914,0.062,0.014,0.001,0.003,0,0.01,0,0,0.202,0.0104,0.0193,0.0027,0.0059,704,800,19,56
0.15,9.09,0.51,0.23,0.19,2.94,0.1,2.914,0.062,0.014,0.001,0.003,0,0.01,0,0,0.202,0.0104,0.0193,0.0027,0.0059,675,766,19,61
0.15,9.09,0.51,0.23,0.19,2.94,0.1,2.914,0.062,0.014,0.001,0.003,0,0.01,0,0,0.202,0.0104,0.0193,0.0027,0.0059,621,705,23,70
0.15,9.09,0.51,0.23,0.19,2.94,0.1,2.914,0.062,0.014,0.001,0.003,0,0.01,0,0,0.202,0.0104,0.0193,0.0027,0.0059,558,628,26,66
0.15,9.09,0.51,0.23,0.19,2.94,0.1,2.914,0.062,0.014,0.001,0.003,0,0.01,0,0,0.202,0.0104,0.0193,0.0027,0.0059,476,541,45,81
0.15,9.09,0.51,0.23,0.19,2.94,0.1,2.914,0.062,0.014,0.001,0.003,0,0.01,0,0,0.202,0.0104,0.0193,0.0027,0.0059,384,452,32,80
0.15,9.09,0.51,0.26,0.18,2.93,0.1,2.894,0.065,0.014,0.001,0.003,0,0.003,0,0,0.208,0.0121,0.023,0.0021,0.0067,811,968,23,59
0.15,9.09,0.51,0.26,0.18,2.93,0.1,2.894,0.065,0.014,0.001,0.003,0,0.003,0,0,0.208,0.0121,0.023,0.0021,0.0067,781,924,17.462,50
0.15,9.09,0.51,0.26,0.18,2.93,0.1,2.894,0.065,0.014,0.001,0.003,0,0.003,0,0,0.208,0.0121,0.023,0.0021,0.0067,765,900,21,60
0.15,9.09,0.51,0.26,0.18,2.93,0.1,2.894,0.065,0.014,0.001,0.003,0,0.003,0,0,0.208,0.0121,0.023,0.0021,0.0067,746,878,18.695,58
0.15,9.09,0.51,0.26,0.18,2.93,0.1,2.894,0.065,0.014,0.001,0.003,0,0.003,0,0,0.208,0.0121,0.023,0.0021,0.0067,731,853,20,56
0.15,9.09,0.51,0.26,0.18,2.93,0.1,2.894,0.065,0.014,0.001,0.003,0,0.003,0,0,0.208,0.0121,0.023,0.0021,0.0067,727,838,15.712,57
0.15,9.09,0.51,0.26,0.18,2.93,0.1,2.894,0.065,0.014,0.001,0.003,0,0.003,0,0,0.208,0.0121,0.023,0.0021,0.0067,708,815,16.309,54
0.15,9.09,0.51,0.26,0.18,2.93,0.1,2.894,0.065,0.014,0.001,0.003,0,0.003,0,0,0.208,0.0121,0.023,0.0021,0.0067,689,791,19,58
0.15,9.09,0.51,0.26,0.18,2.93,0.1,2.894,0.065,0.014,0.001,0.003,0,0.003,0,0,0.208,0.0121,0.023,0.0021,0.0067,656,753,19.173,61
0.15,9.09,0.51,0.26,0.18,2.93,0.1,2.894,0.065,0.014,0.001,0.003,0,0.003,0,0,0.208,0.0121,0.023,0.0021,0.0067,618,700,22.355,69
0.15,9.09,0.51,0.26,0.18,2.93,0.1,2.894,0.065,0.014,0.001,0.003,0,0.003,0,0,0.208,0.0121,0.023,0.0021,0.0067,546,614,28,73
0.15,9.09,0.51,0.26,0.18,2.93,0.1,2.894,0.065,0.014,0.001,0.003,0,0.003,0,0,0.208,0.0121,0.023,0.0021,0.0067,472,539,34,76
0.15,9.09,0.51,0.26,0.18,2.93,0.1,2.894,0.065,0.014,0.001,0.003,0,0.003,0,0,0.208,0.0121,0.023,0.0021,0.0067,383,445,43,79
0.15,9.08,0.51,0.24,0.18,2.93,0.1,2.897,0.063,0.016,0.001,0.032,0,0.349,0,0,0.203,0.0101,0.0222,0.0022,0.006,825,984,24,60
0.15,9.08,0.51,0.24,0.18,2.93,0.1,2.897,0.063,0.016,0.001,0.032,0,0.349,0,0,0.203,0.0101,0.0222,0.0022,0.006,793,936,19.3,61
0.15,9.08,0.51,0.24,0.18,2.93,0.1,2.897,0.063,0.016,0.001,0.032,0,0.349,0,0,0.203,0.0101,0.0222,0.0022,0.006,774,907,22,65
0.15,9.08,0.51,0.24,0.18,2.93,0.1,2.897,0.063,0.016,0.001,0.032,0,0.349,0,0,0.203,0.0101,0.0222,0.0022,0.006,759,884,17.7,58
0.15,9.08,0.51,0.24,0.18,2.93,0.1,2.897,0.063,0.016,0.001,0.032,0,0.349,0,0,0.203,0.0101,0.0222,0.0022,0.006,738,855,20,60
0.15,9.08,0.51,0.24,0.18,2.93,0.1,2.897,0.063,0.016,0.001,0.032,0,0.349,0,0,0.203,0.0101,0.0222,0.0022,0.006,733,843,16.9,58
0.15,9.08,0.51,0.24,0.18,2.93,0.1,2.897,0.063,0.016,0.001,0.032,0,0.349,0,0,0.203,0.0101,0.0222,0.0022,0.006,723,825,16.6,59
0.15,9.08,0.51,0.24,0.18,2.93,0.1,2.897,0.063,0.016,0.001,0.032,0,0.349,0,0,0.203,0.0101,0.0222,0.0022,0.006,697,797,19,58
0.15,9.08,0.51,0.24,0.18,2.93,0.1,2.897,0.063,0.016,0.001,0.032,0,0.349,0,0,0.203,0.0101,0.0222,0.0022,0.006,673,764,18.8,64
0.15,9.08,0.51,0.24,0.18,2.93,0.1,2.897,0.063,0.016,0.001,0.032,0,0.349,0,0,0.203,0.0101,0.0222,0.0022,0.006,620,703,22.1,68
0.15,9.08,0.51,0.24,0.18,2.93,0.1,2.897,0.063,0.016,0.001,0.032,0,0.349,0,0,0.203,0.0101,0.0222,0.0022,0.006,546,624,28,73
0.15,9.08,0.51,0.24,0.18,2.93,0.1,2.897,0.063,0.016,0.001,0.032,0,0.349,0,0,0.203,0.0101,0.0222,0.0022,0.006,465,538,34,74
0.15,9.08,0.51,0.24,0.18,2.93,0.1,2.897,0.063,0.016,0.001,0.032,0,0.349,0,0,0.203,0.0101,0.0222,0.0022,0.006,380,445,38,82
0.15,9.96,0.41,0.07,0.31,1.47,1.26,0.484,0.056,0.013,0.001,0,0,0,0,0,0.202,0.0092,0.0222,0.0066,0.0038,846.49,999.3,20.2,65.2
0.15,9.96,0.41,0.07,0.31,1.47,1.26,0.484,0.056,0.013,0.001,0,0,0,0,0,0.202,0.0092,0.0222,0.0066,0.0038,808,946,18,64
0.15,9.96,0.41,0.07,0.31,1.47,1.26,0.484,0.056,0.013,0.001,0,0,0,0,0,0.202,0.0092,0.0222,0.0066,0.0038,774,890,19,67
0.15,9.96,0.41,0.07,0.31,1.47,1.26,0.484,0.056,0.013,0.001,0,0,0,0,0,0.202,0.0092,0.0222,0.0066,0.0038,749,854,17,66
0.15,9.96,0.41,0.07,0.31,1.47,1.26,0.484,0.056,0.013,0.001,0,0,0,0,0,0.202,0.0092,0.0222,0.0066,0.0038,726,814,17,64
0.15,9.96,0.41,0.07,0.31,1.47,1.26,0.484,0.056,0.013,0.001,0,0,0,0,0,0.202,0.0092,0.0222,0.0066,0.0038,644,726,21,70
0.15,9.96,0.41,0.07,0.31,1.47,1.26,0.484,0.056,0.013,0.001,0,0,0,0,0,0.202,0.0092,0.0222,0.0066,0.0038,482,554,33,79
0.15,9.96,0.41,0.07,0.31,1.47,1.26,0.484,0.056,0.013,0.001,0,0,0,0,0,0.202,0.0092,0.0222,0.0066,0.0038,388,459,34,84
0.1,9.12,0.45,0.1,0.46,0.01,0.46,1.85,0.08,0.01,0.001,0.003,0.001,0.01,0,0,0.2,0,0.042,0.0114,0.0044,526.9,697.3,27,71
0.1,9.12,0.45,0.1,0.46,0.01,0.46,1.85,0.08,0.01,0.001,0.003,0.001,0.01,0,0,0.2,0,0.042,0.0114,0.0044,481,609,22,74
0.1,9.12,0.45,0.1,0.46,0.01,0.46,1.85,0.08,0.01,0.001,0.003,0.001,0.01,0,0,0.2,0,0.042,0.0114,0.0044,461,571,23,71
0.1,9.12,0.45,0.1,0.46,0.01,0.46,1.85,0.08,0.01,0.001,0.003,0.001,0.01,0,0,0.2,0,0.042,0.0114,0.0044,440,545,19,69
0.1,9.12,0.45,0.1,0.46,0.01,0.46,1.85,0.08,0.01,0.001,0.003,0.001,0.01,0,0,0.2,0,0.042,0.0114,0.0044,406,483,27,71
0.1,9.12,0.45,0.1,0.46,0.01,0.46,1.85,0.08,0.01,0.001,0.003,0.001,0.01,0,0,0.2,0,0.042,0.0114,0.0044,361,419,30,81
0.1,9.12,0.45,0.1,0.46,0.01,0.46,1.85,0.08,0.01,0.001,0.003,0.001,0.01,0,0,0.2,0,0.042,0.0114,0.0044,298,350,36,87
0.1,9.12,0.45,0.1,0.46,0.01,0.46,1.85,0.08,0.01,0.001,0.003,0.001,0.01,0,0,0.2,0,0.042,0.0114,0.0044,218,276,43,89
0.13,9.65,0.46,0.08,0.46,0.01,0.45,1.8,0.07,0.01,0.001,0.003,0.001,0.002,0,0,0.2,0.0007,0.0333,0.0089,0.0039,538.27,727.6,28,70
0.13,9.65,0.46,0.08,0.46,0.01,0.45,1.8,0.07,0.01,0.001,0.003,0.001,0.002,0,0,0.2,0.0007,0.0333,0.0089,0.0039,487,631,23,75
0.13,9.65,0.46,0.08,0.46,0.01,0.45,1.8,0.07,0.01,0.001,0.003,0.001,0.002,0,0,0.2,0.0007,0.0333,0.0089,0.0039,472,594,22,74
0.13,9.65,0.46,0.08,0.46,0.01,0.45,1.8,0.07,0.01,0.001,0.003,0.001,0.002,0,0,0.2,0.0007,0.0333,0.0089,0.0039,450,565,20,71
0.13,9.65,0.46,0.08,0.46,0.01,0.45,1.8,0.07,0.01,0.001,0.003,0.001,0.002,0,0,0.2,0.0007,0.0333,0.0089,0.0039,410,495,27,80
0.13,9.65,0.46,0.08,0.46,0.01,0.45,1.8,0.07,0.01,0.001,0.003,0.001,0.002,0,0,0.2,0.0007,0.0333,0.0089,0.0039,368,431,33,84
0.13,9.65,0.46,0.08,0.46,0.01,0.45,1.8,0.07,0.01,0.001,0.003,0.001,0.002,0,0,0.2,0.0007,0.0333,0.0089,0.0039,304,359,40,90
0.13,9.65,0.46,0.08,0.46,0.01,0.45,1.8,0.07,0.01,0.001,0.003,0.001,0.002,0,0,0.2,0.0007,0.0333,0.0089,0.0039,222,279,46,91
0.08,8.7,0.45,0.42,0.46,0.01,0.46,1.81,0.07,0.01,0.001,0.003,0.004,0.006,0,0,0.2,0.0036,0.0761,0.0061,0.0042,518.24,689.9,28,71
0.08,8.7,0.45,0.42,0.46,0.01,0.46,1.81,0.07,0.01,0.001,0.003,0.004,0.006,0,0,0.2,0.0036,0.0761,0.0061,0.0042,471,608,24,73
0.08,8.7,0.45,0.42,0.46,0.01,0.46,1.81,0.07,0.01,0.001,0.003,0.004,0.006,0,0,0.2,0.0036,0.0761,0.0061,0.0042,459,582,22,70
0.08,8.7,0.45,0.42,0.46,0.01,0.46,1.81,0.07,0.01,0.001,0.003,0.004,0.006,0,0,0.2,0.0036,0.0761,0.0061,0.0042,435,563,21,67
0.08,8.7,0.45,0.42,0.46,0.01,0.46,1.81,0.07,0.01,0.001,0.003,0.004,0.006,0,0,0.2,0.0036,0.0761,0.0061,0.0042,386,475,31,78
0.08,8.7,0.45,0.42,0.46,0.01,0.46,1.81,0.07,0.01,0.001,0.003,0.004,0.006,0,0,0.2,0.0036,0.0761,0.0061,0.0042,350,409,36,83
0.08,8.7,0.45,0.42,0.46,0.01,0.46,1.81,0.07,0.01,0.001,0.003,0.004,0.006,0,0,0.2,0.0036,0.0761,0.0061,0.0042,273,330,45,89
0.08,8.7,0.45,0.42,0.46,0.01,0.46,1.81,0.07,0.01,0.001,0.003,0.004,0.006,0,0,0.2,0.0036,0.0761,0.0061,0.0042,182,249,57,92
0.15,9.6,0.5,0.2,0.17,2.95,0.1,2.89,0.06,0.01,0.001,0.003,0.001,0.01,0,0,0.2,0.01,0.0207,0.0066,0.0038,829,988,19.8,53.2
0.15,9.6,0.5,0.2,0.17,2.95,0.1,2.89,0.06,0.01,0.001,0.003,0.001,0.01,0,0,0.2,0.01,0.0207,0.0066,0.0038,791,939,18.97,55
0.15,9.6,0.5,0.2,0.17,2.95,0.1,2.89,0.06,0.01,0.001,0.003,0.001,0.01,0,0,0.2,0.01,0.0207,0.0066,0.0038,778,917,18.62,57
0.15,9.6,0.5,0.2,0.17,2.95,0.1,2.89,0.06,0.01,0.001,0.003,0.001,0.01,0,0,0.2,0.01,0.0207,0.0066,0.0038,757,889,18,56
0.15,9.6,0.5,0.2,0.17,2.95,0.1,2.89,0.06,0.01,0.001,0.003,0.001,0.01,0,0,0.2,0.01,0.0207,0.0066,0.0038,751,870,16.31,61
0.15,9.6,0.5,0.2,0.17,2.95,0.1,2.89,0.06,0.01,0.001,0.003,0.001,0.01,0,0,0.2,0.01,0.0207,0.0066,0.0038,734,845,17.18,57
0.15,9.6,0.5,0.2,0.17,2.95,0.1,2.89,0.06,0.01,0.001,0.003,0.001,0.01,0,0,0.2,0.01,0.0207,0.0066,0.0038,722,828,15.63,57
0.15,9.6,0.5,0.2,0.17,2.95,0.1,2.89,0.06,0.01,0.001,0.003,0.001,0.01,0,0,0.2,0.01,0.0207,0.0066,0.0038,704,805,16,54
0.15,9.6,0.5,0.2,0.17,2.95,0.1,2.89,0.06,0.01,0.001,0.003,0.001,0.01,0,0,0.2,0.01,0.0207,0.0066,0.0038,672,765,21.04,62
0.15,9.6,0.5,0.2,0.17,2.95,0.1,2.89,0.06,0.01,0.001,0.003,0.001,0.01,0,0,0.2,0.01,0.0207,0.0066,0.0038,638,705,23,69
0.15,9.6,0.5,0.2,0.17,2.95,0.1,2.89,0.06,0.01,0.001,0.003,0.001,0.01,0,0,0.2,0.01,0.0207,0.0066,0.0038,562,630,28,74
0.15,9.6,0.5,0.2,0.17,2.95,0.1,2.89,0.06,0.01,0.001,0.003,0.001,0.01,0,0,0.2,0.01,0.0207,0.0066,0.0038,479,540,31,81
0.15,9.6,0.5,0.2,0.17,2.95,0.1,2.89,0.06,0.01,0.001,0.003,0.001,0.01,0,0,0.2,0.01,0.0207,0.0066,0.0038,402,457,33,84
0.11,10.08,0.48,0.24,0.07,2.93,0.01,0.0247,0.0533,0.0133,0.001,0.0031,0.0946,0.003,0,0,0.208,0.01,0.0111,0.0092,0.006,671.8,785.3,25.6,72
0.11,10.08,0.48,0.24,0.07,2.93,0.01,0.0247,0.0533,0.0133,0.001,0.0031,0.0946,0.003,0,0,0.208,0.01,0.0111,0.0092,0.006,611,695,20.72,69
0.11,10.08,0.48,0.24,0.07,2.93,0.01,0.0247,0.0533,0.0133,0.001,0.0031,0.0946,0.003,0,0,0.208,0.01,0.0111,0.0092,0.006,596,662,20.72,73
0.11,10.08,0.48,0.24,0.07,2.93,0.01,0.0247,0.0533,0.0133,0.001,0.0031,0.0946,0.003,0,0,0.208,0.01,0.0111,0.0092,0.006,557,610,18.74,73
0.11,10.08,0.48,0.24,0.07,2.93,0.01,0.0247,0.0533,0.0133,0.001,0.0031,0.0946,0.003,0,0,0.208,0.01,0.0111,0.0092,0.006,476,522,27.68,82
0.11,10.08,0.48,0.24,0.07,2.93,0.01,0.0247,0.0533,0.0133,0.001,0.0031,0.0946,0.003,0,0,0.208,0.01,0.0111,0.0092,0.006,288.27,348.6,32,88.6
0.11,10.08,0.48,0.24,0.07,2.93,0.01,0.0247,0.0533,0.0133,0.001,0.0031,0.0946,0.003,0,0,0.208,0.01,0.0111,0.0092,0.006,206.68,275,40.6,91.1
0.1,10.08,0.49,0.26,0.06,0.01,1.53,0.01,0.0571,0.0125,0.001,0.003,0.0968,0.001,0,0,0.0207,0.01,0.0096,0.0072,0.006,797.24,1138,17.6,51.8
0.1,10.08,0.49,0.26,0.06,0.01,1.53,0.01,0.0571,0.0125,0.001,0.003,0.0968,0.001,0,0,0.0207,0.01,0.0096,0.0072,0.006,765.32,1096.27,15,47
0.1,10.08,0.49,0.26,0.06,0.01,1.53,0.01,0.0571,0.0125,0.001,0.003,0.0968,0.001,0,0,0.0207,0.01,0.0096,0.0072,0.006,744.63,1165.21,17,43
0.1,10.08,0.49,0.26,0.06,0.01,1.53,0.01,0.0571,0.0125,0.001,0.003,0.0968,0.001,0,0,0.0207,0.01,0.0096,0.0072,0.006,805,1173,15,35
0.1,10.08,0.49,0.26,0.06,0.01,1.53,0.01,0.0571,0.0125,0.001,0.003,0.0968,0.001,0,0,0.0207,0.01,0.0096,0.0072,0.006,765.32,1144.53,17,39
0.1,10.08,0.49,0.26,0.06,0.01,1.53,0.01,0.0571,0.0125,0.001,0.003,0.0968,0.001,0,0,0.0207,0.01,0.0096,0.0072,0.006,703.27,1048,19,56
0.1,10.08,0.49,0.26,0.06,0.01,1.53,0.01,0.0571,0.0125,0.001,0.003,0.0968,0.001,0,0,0.0207,0.01,0.0096,0.0072,0.006,749,1050,19,49
0.1,10.08,0.49,0.26,0.06,0.01,1.53,0.01,0.0571,0.0125,0.001,0.003,0.0968,0.001,0,0,0.0207,0.01,0.0096,0.0072,0.006,637.77,903.32,19,56
0.1,10.08,0.49,0.26,0.06,0.01,1.53,0.01,0.0571,0.0125,0.001,0.003,0.0968,0.001,0,0,0.0207,0.01,0.0096,0.0072,0.006,408,484,28,79
0.1,10.08,0.49,0.26,0.06,0.01,1.53,0.01,0.0571,0.0125,0.001,0.003,0.0968,0.001,0,0,0.0207,0.01,0.0096,0.0072,0.006,224,306,51,88
0.11,10.1,0.5,0.27,0.07,0.01,1.51,0.01,0.0563,0.0118,0.001,0.003,0.0965,0.0033,0,0,0.202,0.01,0.0069,0.0045,0.005,840.93,1177.2,20,56.1
0.11,10.1,0.5,0.27,0.07,0.01,1.51,0.01,0.0563,0.0118,0.001,0.003,0.0965,0.0033,0,0,0.202,0.01,0.0069,0.0045,0.005,779.11,1130.74,13,35
0.11,10.1,0.5,0.27,0.07,0.01,1.51,0.01,0.0563,0.0118,0.001,0.003,0.0965,0.0033,0,0,0.202,0.01,0.0069,0.0045,0.005,792.9,1199.69,14,34
0.11,10.1,0.5,0.27,0.07,0.01,1.51,0.01,0.0563,0.0118,0.001,0.003,0.0965,0.0033,0,0,0.202,0.01,0.0069,0.0045,0.005,737.74,1179,16,30
0.11,10.1,0.5,0.27,0.07,0.01,1.51,0.01,0.0563,0.0118,0.001,0.003,0.0965,0.0033,0,0,0.202,0.01,0.0069,0.0045,0.005,833,1185,17,16
0.11,10.1,0.5,0.27,0.07,0.01,1.51,0.01,0.0563,0.0118,0.001,0.003,0.0965,0.0033,0,0,0.202,0.01,0.0069,0.0045,0.005,723.95,1082.48,18,46
0.11,10.1,0.5,0.27,0.07,0.01,1.51,0.01,0.0563,0.0118,0.001,0.003,0.0965,0.0033,0,0,0.202,0.01,0.0069,0.0045,0.005,644.66,917,17,59
0.11,10.1,0.5,0.27,0.07,0.01,1.51,0.01,0.0563,0.0118,0.001,0.003,0.0965,0.0033,0,0,0.202,0.01,0.0069,0.0045,0.005,546,688,22,70
0.11,10.1,0.5,0.27,0.07,0.01,1.51,0.01,0.0563,0.0118,0.001,0.003,0.0965,0.0033,0,0,0.202,0.01,0.0069,0.0045,0.005,166,269,58,92
0.15,10.12,0.5,0.27,0.08,2.9,0.02,0.0214,0.0553,0.014,0.001,0.003,0.1025,0.001,0,0,0.206,0.01,0.0165,0.0036,0.006,672.67,813.3,22.8,68.1
0.15,10.12,0.5,0.27,0.08,2.9,0.02,0.0214,0.0553,0.014,0.001,0.003,0.1025,0.001,0,0,0.206,0.01,0.0165,0.0036,0.006,1010.3,1389,17.4,53.5
0.15,10.12,0.5,0.27,0.08,2.9,0.02,0.0214,0.0553,0.014,0.001,0.003,0.1025,0.001,0,0,0.206,0.01,0.0165,0.0036,0.006,923.9,1358.27,14,52
0.15,10.12,0.5,0.27,0.08,2.9,0.02,0.0214,0.0553,0.014,0.001,0.003,0.1025,0.001,0,0,0.206,0.01,0.0165,0.0036,0.006,944.58,1441,17,49
0.15,10.12,0.5,0.27,0.08,2.9,0.02,0.0214,0.0553,0.014,0.001,0.003,0.1025,0.001,0,0,0.206,0.01,0.0165,0.0036,0.006,923.9,1365.16,19,52
0.15,10.12,0.5,0.27,0.08,2.9,0.02,0.0214,0.0553,0.014,0.001,0.003,0.1025,0.001,0,0,0.206,0.01,0.0165,0.0036,0.006,999,1368,20,44
0.15,10.12,0.5,0.27,0.08,2.9,0.02,0.0214,0.0553,0.014,0.001,0.003,0.1025,0.001,0,0,0.206,0.01,0.0165,0.0036,0.006,889.42,1227.27,16,54
0.15,10.12,0.5,0.27,0.08,2.9,0.02,0.0214,0.0553,0.014,0.001,0.003,0.1025,0.001,0,0,0.206,0.01,0.0165,0.0036,0.006,758.42,972.16,14,58
0.15,10.12,0.5,0.27,0.08,2.9,0.02,0.0214,0.0553,0.014,0.001,0.003,0.1025,0.001,0,0,0.206,0.01,0.0165,0.0036,0.006,291.37,363,36,87.7
0.15,10.12,0.5,0.27,0.08,2.9,0.02,0.0214,0.0553,0.014,0.001,0.003,0.1025,0.001,0,0,0.206,0.01,0.0165,0.0036,0.006,256,349,43,90
0.15,10.12,0.5,0.27,0.08,2.9,0.02,0.0214,0.0553,0.014,0.001,0.003,0.1025,0.001,0,0,0.206,0.01,0.0165,0.0036,0.006,201.82,285.5,57.6,93.1
0.15,10.12,0.5,0.27,0.08,2.9,0.02,0.0214,0.0553,0.014,0.001,0.003,0.1025,0.001,0,0,0.206,0.01,0.0165,0.0036,0.006,165,253,52,93
0.18,10.09,0.51,0.27,0.08,2.93,0.01,0.0189,0.0537,0.0175,0.001,0.003,0.1007,0.001,0,0,0.204,0.01,0.0159,0.0021,0.006,670.56,830.4,24.9,64.8
0.18,10.09,0.51,0.27,0.08,2.93,0.01,0.0189,0.0537,0.0175,0.001,0.003,0.1007,0.001,0,0,0.204,0.01,0.0159,0.0021,0.006,1105,1434,15,45
0.18,10.09,0.51,0.27,0.08,2.93,0.01,0.0189,0.0537,0.0175,0.001,0.003,0.1007,0.001,0,0,0.204,0.01,0.0159,0.0021,0.006,999.74,1454.79,14,49
0.18,10.09,0.51,0.27,0.08,2.93,0.01,0.0189,0.0537,0.0175,0.001,0.003,0.1007,0.001,0,0,0.204,0.01,0.0159,0.0021,0.006,951.48,1509.95,19,51
0.18,10.09,0.51,0.27,0.08,2.93,0.01,0.0189,0.0537,0.0175,0.001,0.003,0.1007,0.001,0,0,0.204,0.01,0.0159,0.0021,0.006,951.48,1420.32,18,51
0.18,10.09,0.51,0.27,0.08,2.93,0.01,0.0189,0.0537,0.0175,0.001,0.003,0.1007,0.001,0,0,0.204,0.01,0.0159,0.0021,0.006,937.69,1289.32,16,48
0.18,10.09,0.51,0.27,0.08,2.93,0.01,0.0189,0.0537,0.0175,0.001,0.003,0.1007,0.001,0,0,0.204,0.01,0.0159,0.0021,0.006,961,1270,16,50
0.18,10.09,0.51,0.27,0.08,2.93,0.01,0.0189,0.0537,0.0175,0.001,0.003,0.1007,0.001,0,0,0.204,0.01,0.0159,0.0021,0.006,786,1013.53,14,55
0.18,10.09,0.51,0.27,0.08,2.93,0.01,0.0189,0.0537,0.0175,0.001,0.003,0.1007,0.001,0,0,0.204,0.01,0.0159,0.0021,0.006,284.41,361,40.2,88.9
0.18,10.09,0.51,0.27,0.08,2.93,0.01,0.0189,0.0537,0.0175,0.001,0.003,0.1007,0.001,0,0,0.204,0.01,0.0159,0.0021,0.006,196.24,286.9,46.6,93.4
0.18,10.09,0.51,0.27,0.08,2.93,0.01,0.0189,0.0537,0.0175,0.001,0.003,0.1007,0.001,0,0,0.204,0.01,0.0159,0.0021,0.006,147,242,61,96
0.18,10.11,0.51,0.26,0.08,2.93,0.01,0.0367,0.054,0.017,0.001,0.0027,0.01,0.1448,0,0,0.206,0.01,0.0161,0.003,0.006,849.32,1000.6,19,62.5
0.18,10.11,0.51,0.26,0.08,2.93,0.01,0.0367,0.054,0.017,0.001,0.0027,0.01,0.1448,0,0,0.206,0.01,0.0161,0.003,0.006,1157,1473,16,48
0.18,10.11,0.51,0.26,0.08,2.93,0.01,0.0367,0.054,0.017,0.001,0.0027,0.01,0.1448,0,0,0.206,0.01,0.0161,0.003,0.006,1048,1496.16,14,46
0.18,10.11,0.51,0.26,0.08,2.93,0.01,0.0367,0.054,0.017,0.001,0.0027,0.01,0.1448,0,0,0.206,0.01,0.0161,0.003,0.006,1227,1498,13,45
0.18,10.11,0.51,0.26,0.08,2.93,0.01,0.0367,0.054,0.017,0.001,0.0027,0.01,0.1448,0,0,0.206,0.01,0.0161,0.003,0.006,999.74,1530.64,18,49
0.18,10.11,0.51,0.26,0.08,2.93,0.01,0.0367,0.054,0.017,0.001,0.0027,0.01,0.1448,0,0,0.206,0.01,0.0161,0.003,0.006,985.95,1447.9,18,47
0.18,10.11,0.51,0.26,0.08,2.93,0.01,0.0367,0.054,0.017,0.001,0.0027,0.01,0.1448,0,0,0.206,0.01,0.0161,0.003,0.006,1090,1454,19,45
0.18,10.11,0.51,0.26,0.08,2.93,0.01,0.0367,0.054,0.017,0.001,0.0027,0.01,0.1448,0,0,0.206,0.01,0.0161,0.003,0.006,958.37,1316.9,16,49
0.18,10.11,0.51,0.26,0.08,2.93,0.01,0.0367,0.054,0.017,0.001,0.0027,0.01,0.1448,0,0,0.206,0.01,0.0161,0.003,0.006,765.32,979.06,15,56
0.18,10.11,0.51,0.26,0.08,2.93,0.01,0.0367,0.054,0.017,0.001,0.0027,0.01,0.1448,0,0,0.206,0.01,0.0161,0.003,0.006,701,907,18,62
0.18,10.11,0.51,0.26,0.08,2.93,0.01,0.0367,0.054,0.017,0.001,0.0027,0.01,0.1448,0,0,0.206,0.01,0.0161,0.003,0.006,451.47,526.3,25.3,78.1
0.18,10.11,0.51,0.26,0.08,2.93,0.01,0.0367,0.054,0.017,0.001,0.0027,0.01,0.1448,0,0,0.206,0.01,0.0161,0.003,0.006,356,452,35,78
0.18,10.11,0.51,0.26,0.08,2.93,0.01,0.0367,0.054,0.017,0.001,0.0027,0.01,0.1448,0,0,0.206,0.01,0.0161,0.003,0.006,370.33,444.4,28.3,79.3
0.18,10.55,0.51,0.27,0.06,0.01,1.51,0.01,0.1467,0.0136,0.001,0.003,0.0088,0.001,0,0,0.206,0.02,0.0046,0.0137,0.006,733,902,23.3,63.6
0.18,10.55,0.51,0.27,0.06,0.01,1.51,0.01,0.1467,0.0136,0.001,0.003,0.0088,0.001,0,0,0.206,0.02,0.0046,0.0137,0.006,671,804,19,63
0.18,10.55,0.51,0.27,0.06,0.01,1.51,0.01,0.1467,0.0136,0.001,0.003,0.0088,0.001,0,0,0.206,0.02,0.0046,0.0137,0.006,659,769,17,61
0.18,10.55,0.51,0.27,0.06,0.01,1.51,0.01,0.1467,0.0136,0.001,0.003,0.0088,0.001,0,0,0.206,0.02,0.0046,0.0137,0.006,626,729,18,66
0.18,10.55,0.51,0.27,0.06,0.01,1.51,0.01,0.1467,0.0136,0.001,0.003,0.0088,0.001,0,0,0.206,0.02,0.0046,0.0137,0.006,561,642,22,74
0.18,10.55,0.51,0.27,0.06,0.01,1.51,0.01,0.1467,0.0136,0.001,0.003,0.0088,0.001,0,0,0.206,0.02,0.0046,0.0137,0.006,395,467,49.2,87.1
0.18,10.55,0.51,0.27,0.06,0.01,1.51,0.01,0.1467,0.0136,0.001,0.003,0.0088,0.001,0,0,0.206,0.02,0.0046,0.0137,0.006,299,376,47.5,90.8
0.14,10.63,0.5,0.19,0.17,2.87,0.1,2.89,0.06,0.01,0.001,0.003,0.003,0.004,0,0,0.21,0,0.19,0.1,0.02,831.58,989.1,19,54.2
0.14,10.63,0.5,0.19,0.17,2.87,0.1,2.89,0.06,0.01,0.001,0.003,0.003,0.004,0,0,0.21,0,0.19,0.1,0.02,759,892,17.66,53
0.14,10.63,0.5,0.19,0.17,2.87,0.1,2.89,0.06,0.01,0.001,0.003,0.003,0.004,0,0,0.21,0,0.19,0.1,0.02,717,824,18.02,54
0.14,10.63,0.5,0.19,0.17,2.87,0.1,2.89,0.06,0.01,0.001,0.003,0.003,0.004,0,0,0.21,0,0.19,0.1,0.02,624,703,23.63,69
0.14,10.63,0.5,0.19,0.17,2.87,0.1,2.89,0.06,0.01,0.001,0.003,0.003,0.004,0,0,0.21,0,0.19,0.1,0.02,477,542,33.81,79
0.14,10.63,0.5,0.19,0.17,2.87,0.1,2.89,0.06,0.01,0.001,0.003,0.003,0.004,0,0,0.21,0,0.19,0.1,0.02,394,451,32.58,83
0.1469,10.1,0.499,0.206,0.16,1.914,0.1,2.8989,0.0631,0.0109,0.002,0.004,0.0043,0.0068,0,0,0.204,0,0.1895,0.1766,0.0162,818.56,976.1,22.1,55.8
0.1469,10.1,0.499,0.206,0.16,1.914,0.1,2.8989,0.0631,0.0109,0.002,0.004,0.0043,0.0068,0,0,0.204,0,0.1895,0.1766,0.0162,804,942,21.19,61
0.1469,10.1,0.499,0.206,0.16,1.914,0.1,2.8989,0.0631,0.0109,0.002,0.004,0.0043,0.0068,0,0,0.204,0,0.1895,0.1766,0.0162,759,899,18.69,56
0.1469,10.1,0.499,0.206,0.16,1.914,0.1,2.8989,0.0631,0.0109,0.002,0.004,0.0043,0.0068,0,0,0.204,0,0.1895,0.1766,0.0162,730,842,16.67,55
0.1469,10.1,0.499,0.206,0.16,1.914,0.1,2.8989,0.0631,0.0109,0.002,0.004,0.0043,0.0068,0,0,0.204,0,0.1895,0.1766,0.0162,666,759,18.89,60
0.1469,10.1,0.499,0.206,0.16,1.914,0.1,2.8989,0.0631,0.0109,0.002,0.004,0.0043,0.0068,0,0,0.204,0,0.1895,0.1766,0.0162,390,445,29.365,83
0.148,9.63,0.5,0.22,0.16,2.88,0.1,2.89,0.06,0.01,0.001,0.007,0.003,0.28,0,0,0.21,0,0.2,0.08,0.02,829.95,985.3,23.2,63.2
0.148,9.63,0.5,0.22,0.16,2.88,0.1,2.89,0.06,0.01,0.001,0.007,0.003,0.28,0,0,0.21,0,0.2,0.08,0.02,758.43,883,20.3,66.4
0.148,9.63,0.5,0.22,0.16,2.88,0.1,2.89,0.06,0.01,0.001,0.007,0.003,0.28,0,0,0.21,0,0.2,0.08,0.02,700.18,804.3,19.7,64.4
0.148,9.63,0.5,0.22,0.16,2.88,0.1,2.89,0.06,0.01,0.001,0.007,0.003,0.28,0,0,0.21,0,0.2,0.08,0.02,548.34,624.2,30.3,76.9
0.145,9.614,0.5,0.218,0.16,2.88,0.2,2.6788,0.0638,0.0098,0.001,0.0034,0.0083,0.0151,0,0,0.202,0,0.191,0.08285,0.0158,830.9,984,22.8,62.5
0.145,9.614,0.5,0.218,0.16,2.88,0.2,2.6788,0.0638,0.0098,0.001,0.0034,0.0083,0.0151,0,0,0.202,0,0.191,0.08285,0.0158,780.66,924.2,21.7,62.2
0.145,9.614,0.5,0.218,0.16,2.88,0.2,2.6788,0.0638,0.0098,0.001,0.0034,0.0083,0.0151,0,0,0.202,0,0.191,0.08285,0.0158,738.45,858.8,18,56.1
0.145,9.614,0.5,0.218,0.16,2.88,0.2,2.6788,0.0638,0.0098,0.001,0.0034,0.0083,0.0151,0,0,0.202,0,0.191,0.08285,0.0158,706.52,811.6,16.8,58.6
0.145,9.614,0.5,0.218,0.16,2.88,0.2,2.6788,0.0638,0.0098,0.001,0.0034,0.0083,0.0151,0,0,0.202,0,0.191,0.08285,0.0158,609.68,690.7,23.6,65.7
0.145,9.614,0.5,0.218,0.16,2.88,0.2,2.6788,0.0638,0.0098,0.001,0.0034,0.0083,0.0151,0,0,0.202,0,0.191,0.08285,0.0158,477.79,540.9,32.4,78.2
0.139,9.06,0.01,0.07,1.19,3.03,0.69,0,0,0,0,2.94,0.5,0,0,0,0,0,0,0,0,599.1,691.8,23.5,0
0.139,10.54,0.01,0.07,1.19,4.04,0.7,0,0,0,0,2.99,0.54,0,0,0,0,0,0,0,0,590.6,722.8,21.75,0
0.139,11.8,0.02,0.07,1.19,3.96,0.69,0,0,0,0,2.97,0.51,0,0,0,0,0,0,0,0,594.8,739.8,22.7,0
0.139,9.02,0.01,0.28,1.13,2.94,0.71,0.01,0.01,0.027,0,3.03,0.54,0.01,0,0,0.01,0,0,0,0,341.2,369,28.1,67.2
0.139,9.02,0.01,0.28,1.13,2.94,0.71,0.01,0.01,0.027,0,3.03,0.54,0.01,0,0,0.01,0,0,0,0,240.3,262,50.9,92.4
0.139,9.02,0.01,0.28,1.13,2.94,0.71,0.01,0.01,0.027,0,3.03,0.54,0.01,0,0,0.01,0,0,0,0,146,167,73.9,74.5
0.139,9.02,0.01,0.28,1.13,2.94,0.71,0.01,0.01,0.027,0,3.03,0.54,0.01,0,0,0.01,0,0,0,0,591.34,742.3,23.2,52.1
0.139,9.02,0.01,0.28,1.13,2.94,0.71,0.01,0.01,0.027,0,3.03,0.54,0.01,0,0,0.01,0,0,0,0,478.41,587,8.2,17.5
0.139,9.02,0.01,0.28,1.13,2.94,0.71,0.01,0.01,0.027,0,3.03,0.54,0.01,0,0,0.01,0,0,0,0,391.66,453.8,25,54.7
0.133,9.01,0.24,0.28,1.14,2.95,0.71,0.01,0.01,0.027,0,3.04,0.59,0.01,0,0,0.01,0,0,0,0,337.1,376,31.2,71.1
0.133,9.01,0.24,0.28,1.14,2.95,0.71,0.01,0.01,0.027,0,3.04,0.59,0.01,0,0,0.01,0,0,0,0,242,265,60.7,75.1
0.133,9.01,0.24,0.28,1.14,2.95,0.71,0.01,0.01,0.027,0,3.04,0.59,0.01,0,0,0.01,0,0,0,0,139.1,164,79.6,74.9
0.106,9.02,0.49,0.28,1.14,2.94,0.71,0.01,0.01,0.031,0,3.02,0.59,0.01,0,0,0.01,0,0,0,0,360,401,37,74.2
0.106,9.02,0.49,0.28,1.14,2.94,0.71,0.01,0.01,0.031,0,3.02,0.59,0.01,0,0,0.01,0,0,0,0,250.3,278,71.4,80.2
0.106,9.02,0.49,0.28,1.14,2.94,0.71,0.01,0.01,0.031,0,3.02,0.59,0.01,0,0,0.01,0,0,0,0,123.9,152,129.4,85.9
0.199,9.07,0.98,0.29,1.14,2.92,0.71,0.01,0.01,0.026,0,3.06,0.53,0.01,0,0,0.01,0,0,0,0,476.1,551,33.9,56.4
0.199,9.07,0.98,0.29,1.14,2.92,0.71,0.01,0.01,0.026,0,3.06,0.53,0.01,0,0,0.01,0,0,0,0,205.6,255,92.8,63.8
0.199,9.07,0.98,0.29,1.14,2.92,0.71,0.01,0.01,0.026,0,3.06,0.53,0.01,0,0,0.01,0,0,0,0,112.5,143,93.9,71.1
0.108,10.04,0.31,0.01,0.21,5.87,0.01,0.01,0.01,0.01,0,0.01,0.56,0.01,0,0,0.01,0,0,0,0,194.3,212,47.75,81.8
0.108,10.04,0.31,0.01,0.21,5.87,0.01,0.01,0.01,0.01,0,0.01,0.56,0.01,0,0,0.01,0,0,0,0,425.28,603.6,33.97,64.9
0.108,10.04,0.31,0.01,0.21,5.87,0.01,0.01,0.01,0.01,0,0.01,0.56,0.01,0,0,0.01,0,0,0,0,282.48,325.7,39.26,69.6
0.108,10.04,0.31,0.01,0.21,5.87,0.01,0.01,0.01,0.01,0,0.01,0.56,0.01,0,0,0.01,0,0,0,0,113.08,169.6,66.2,80.7
0.105,9.94,0.29,0.09,0.21,5.86,0.01,0.01,0.01,0.01,0,0.01,0.57,0.01,0,0,0.01,0,0,0,0,419.58,608.4,34.29,61.5
0.105,9.94,0.29,0.09,0.21,5.86,0.01,0.01,0.01,0.01,0,0.01,0.57,0.01,0,0,0.01,0,0,0,0,293.33,339.5,33.05,65.9
0.105,9.94,0.29,0.09,0.21,5.86,0.01,0.01,0.01,0.01,0,0.01,0.57,0.01,0,0,0.01,0,0,0,0,115.54,173.1,76.1,84.1
0.123,9.96,0.29,0.27,0.2,5.86,0.01,0.01,0.01,0.01,0,0.02,0.59,0.01,0,0,0.01,0,0,0,0,212.35,230.5,53.9,82.45
0.104,9.95,0.29,0.09,0.2,5.88,0.01,0.01,0.01,0.01,0,1.02,0.58,0.01,0,0,0.01,0,0,0,0,219.15,232.5,47.45,78.25
0.104,9.95,0.29,0.09,0.2,5.88,0.01,0.01,0.01,0.01,0,1.02,0.58,0.01,0,0,0.01,0,0,0,0,445.39,620.4,33.45,64.7
0.104,9.95,0.29,0.09,0.2,5.88,0.01,0.01,0.01,0.01,0,1.02,0.58,0.01,0,0,0.01,0,0,0,0,305.41,351.3,35.8,53.6
0.104,9.95,0.29,0.09,0.2,5.88,0.01,0.01,0.01,0.01,0,1.02,0.58,0.01,0,0,0.01,0,0,0,0,128.61,184.8,63.6,68.6
0.109,9.96,0.28,0.08,0.2,5.86,0.01,0.01,0.01,0.01,0,2.03,0.54,0.01,0,0,0.01,0,0,0,0,472.97,643.1,30.43,50.4
0.109,9.96,0.28,0.08,0.2,5.86,0.01,0.01,0.01,0.01,0,2.03,0.54,0.01,0,0,0.01,0,0,0,0,315.29,359.2,32.86,47.1
0.109,9.96,0.28,0.08,0.2,5.86,0.01,0.01,0.01,0.01,0,2.03,0.54,0.01,0,0,0.01,0,0,0,0,127.61,182.8,44,59.9
0.118,9.91,0.29,0.09,0.2,5.87,0.01,0.01,0.01,0.01,0,2.97,0.59,0.01,0,0,0.01,0,0,0,0,218.55,235,46.55,70
0.118,9.91,0.29,0.09,0.2,5.87,0.01,0.01,0.01,0.01,0,2.97,0.59,0.01,0,0,0.01,0,0,0,0,511.73,680.2,28.92,58
0.118,9.91,0.29,0.09,0.2,5.87,0.01,0.01,0.01,0.01,0,2.97,0.59,0.01,0,0,0.01,0,0,0,0,332.85,379.1,26.17,53
0.118,9.91,0.29,0.09,0.2,5.87,0.01,0.01,0.01,0.01,0,2.97,0.59,0.01,0,0,0.01,0,0,0,0,127.01,184.8,50.1,66
0.02,0.01,0.05,0.05,19.7,15,2.95,0,0.01,0.15,0,0,1.55,0,0,0,0.01,0,0,0,0,2411.5,2473.5,7,0
0.18,13.44,0.01,0.01,0.01,19.46,3.01,2.35,0.01,0.04,0,0,0,0,0,0,0.46,0,0.04,0,0,1123.1,1929.2,8,0
0,8.67,0.01,0.01,13.45,13.9,0.82,0,0.01,0.39,0,0,0.57,0,0,0,0.01,0,0,0,0,1736.3,1871.8,0,0
0.01,0.01,0.05,0.05,17.7,15,3.95,0,0.01,0.13,0,0,1.47,0,0,0,0.01,0,0,0,0,2487.3,2514.9,9,0
0.01,0.01,0.05,0.05,19.4,14.9,1.45,0,0.01,0.13,0,0,1.55,0,0,0,0.01,0,0,0,0,2249.6,2315,8.5,0
0.19,12.56,0.02,0.49,0.94,20.1,1.96,0,0.01,0.03,0,0,0,0,0,0,0.01,0,0,0,0,1328.3,1779.5,19.7,0
0,0.01,0.05,0.05,18.1,13,3.6,0,0.01,0.11,0,0,2.25,0,0,0,0.01,0,0,0,0,2501.1,2570,3.7,0
0.1,12.19,0.57,0.24,0.01,15.2,8.9,0,0.01,0.03,0,0,0,0,0,0,0.01,0,0.02,0,0,1228.9,1795.6,2,0
0.01,17.5,0.01,1.99,2.1,11.8,0.02,0,0.01,0.03,0,0,0.05,0,0,0,0.01,0,0,0,0,1088.6,1419.3,10,0
0.16,14.56,0.01,0.01,0.01,15.6,4.9,0,0.01,0.04,0,0,0,0,0,0,0.48,0,0.05,0,0,1502,2008.4,11.5,0
0.01,0.01,0.05,0.05,18,13,3.6,0,0.01,0.08,0,0,1.88,0,0,0,0.01,0,0,0,0,2411.5,2475.8,7.7,0
0,0.01,0.05,0.05,18.1,13,3.5,0,0.01,0.1,0,0,1.62,0,0,0,0.01,0,0,0,0,2331.1,2397.7,9.3,0
0.16,13.56,0.01,0.01,0.01,16.2,4.7,0,0.01,0.04,0,0,0,0,0,0,0.4,0,0.04,0,0,1274.7,1949.9,12,0
0,0.01,0.05,0.05,18,12,3.6,0,0.01,0.02,0,0,1.9,0,0,0,0.5,0,0,0,0,2402.3,2468.9,8.3,0
0.16,14.24,0.01,0.01,0.01,13.6,7.15,0,0.01,0.04,0,0,0,0,0,0,0.41,0,0.03,0,0,1460.7,2197.9,4,0
0.2,14.13,0.01,0.01,0.92,17,1.99,0,0.08,0.03,0,0,0,0,0,0,0.01,0,0,0,0,1243.4,1792.3,20.8,0
0.02,0.01,0.05,0.05,17,12.3,4.07,0,0.01,0.16,0,0,1.58,0,0,0,0.69,0,0,0,0,2381.6,2436.8,9.7,0
0.16,14.5,0.01,0.67,0.01,13.41,5.09,0,0.01,0.04,0,0,0,0,0,0,0.41,0,0.02,0,0,1412.5,2129,4,0
0.01,0.01,0.01,0.01,15,14.8,6.02,0,0.01,0.03,0,0,0.62,0,0,0,0.01,0,0,0,0,1603.3,1751.6,10.3,0
0.01,15.6,0.01,1.93,4.1,10.5,0.02,0,0.01,0.03,0,0,0.06,0,0,0,0.01,0,0,0,0,1185.1,1453.8,18,0
0.01,0.01,0.05,0.05,17.5,11.5,4.15,0,0.01,0.62,0,0,1.48,0,0,0,0.01,0,0,0,0,2510.3,2570,7.7,0
0.01,0.01,0.05,0.05,17.2,12.2,3.95,0,0.01,0.23,0,0,1.78,0,0,0,0.01,0,0,0,0,2372.4,2441.3,8.7,0
0.07,15.54,0.01,0.01,0.01,13.41,4.99,0,0.01,0.03,0,0,0,0,0,0,0.41,0,0.03,0,0,1312.6,2011.9,11.5,0
0.16,14.46,0.56,0.01,0.01,13.41,5.12,0,0.01,0.05,0,0,0,0,0,0,0.41,0,0.03,0,0,1350.4,2039.4,12,0
0.16,13.99,0.01,0.03,1.09,13.94,4.95,0,0.27,0.03,0,0,0,0,0,0,0.01,0,0,0,0,1169.4,1603.4,21.8,0
0.2,12.51,0.01,0.51,0.95,17.06,1.97,0,0.08,0.03,0,0,0,0,0,0,0.01,0,0,0,0,1322.1,1770.7,17.8,0
0.01,11.14,0.01,0.01,8.01,8.62,4.99,0,0.01,1.22,0,0,0.01,0,0,0,0.01,0,0,0,0,1870.6,1970.6,11.5,0
0.01,0.01,0.01,0.01,15.1,15.3,5.1,0,0.01,0.03,0,0,0.2,0,0,0,0.01,0,0,0,0,1580,1675.6,13.6,0
0.15,14.48,0.01,0.01,0.01,13.49,5.06,0,0.01,0.05,0,0,0,0,0,0,0.46,0,0.15,0,0,1164.4,2032.6,4,0
0.16,14.34,0.01,0.01,0.01,13.45,5.09,0,0.01,0.05,0,0,0,0,0,0,0.87,0,0.04,0,0,1550.3,2122.1,12,0
0.01,0.01,0.05,0.05,17.5,11.8,3.9,0,0.01,0.17,0,0,1.54,0,0,0,0.01,0,0,0,0,2381.6,2436.8,9.3,0
0.21,14.6,0.01,0.01,0.01,13.48,5.02,0,0.01,0.05,0,0,0,0,0,0,0.41,0,0.02,0,0,1405.6,2122.1,12,0
0.21,14.58,0.01,0.01,0.01,13.45,5.02,0,0.01,0.05,0,0,0,0,0,0,0.46,0,0.02,0,0,1529.6,2108.3,12,0
0.01,10.96,0.01,0.01,7.97,8.55,5,0,0.01,1.21,0,0,0.01,0,0,0,0.01,0,0,0,0,1825.8,1953.3,11,0
0.21,12.53,0.43,0.5,1.18,15.95,2.06,0,0.01,0.03,0,0,0,0,0,0,0.01,0,0,0,0,1352.2,1839.4,19,0
0,10.97,0.01,0.01,7.99,8.51,4.98,0,0.01,1.19,0,0,0.02,0,0,0,0.01,0,0,0,0,1837.9,1949.8,12.5,0
0.07,11.76,0.57,0.32,0.01,15.2,6.32,0,0.01,0.03,0,0,0,0,0,0,0.01,0,0.05,0,0,1133.4,1931.2,13.4,0
0.2,14.09,0.01,0.03,0.01,16.62,1.98,0,0.08,0.03,0,0,0,0,0,0,0.01,0,0,0,0,1358.2,1841.4,13.8,0
0.21,12.58,0.01,1.99,0.94,13.88,1.98,0,0.08,0.03,0,0,0,0,0,0,0.01,0,0,0,0,1354.2,1769.8,19.1,0
0.09,12.28,0.66,0.27,0.01,14.8,0.02,8,0.01,0.03,0,0,0,0,0,0,0.01,0,0.03,0,0,1081.1,1678.6,5.8,0
0.12,14.52,0.01,0.01,0.01,13.48,5.09,0,0.01,0.03,0,0,0,0,0,0,0.43,0,0.03,0,0,1515.8,2101.5,6,0
0.17,14.26,0.01,0.01,0.01,13.64,5.09,0,0.01,0.03,0,0,0,0,0,0,0.41,0,0.03,0,0,1502,2094.6,11,0
0.01,0.01,0.05,0.05,14.7,15.3,1.5,0,0.01,0.76,0,0,1.16,0,0,0,0.01,0,0,0,0,2157.3,2239.3,8.5,0
0.04,12.29,0.55,0.27,0.01,15,5.85,0,0.01,0.03,0,0,0,0,0,0,0.01,0,0.03,0,0,1287.4,1891.1,11,0
0.08,14.48,0.01,0.01,0.01,13.56,4.99,0,0.01,0.03,0,0,0,0,0,0,0.46,0,0.07,0,0,1311.4,2016.5,13.3,0
0.2,12.66,0.51,0.52,1.02,15.56,1.99,0,0.01,0.03,0,0,0,0,0,0,0.01,0,0,0,0,1245.4,1754.6,18.5,0
0.1,12,0.51,0.32,0.01,14.6,6.3,0,0.01,0.03,0,0,0,0,0,0,0.01,0,0.04,0,0,1155,1848,13.4,0
0.12,14.4,0.01,0.01,0.01,13.45,4.99,0,0.01,0.05,0,0,0,0,0,0,0.41,0,0.03,0,0,1322.9,1984.3,16,0
0.01,0.01,0.01,0.01,14.8,15,2.5,0,0.01,0.03,0,0,1.8,0,0,0,0.01,0,0,0,0,1571.2,1701.7,10.6,0
0.01,0.01,0.01,0.01,18.5,8.7,4.8,0,0.01,0.95,0,0,0.72,0,0,0,0.43,0,0,0,0,1288.4,1453.8,20,0
0.02,15.9,0.01,1.86,4,9.2,0.02,0,0.01,0.02,0,0,0.05,0,0,0,0.01,0,0,0,0,1143.7,1350.4,17,0
0.16,14.36,0.01,0.01,0.01,13.45,5.15,0,0.01,0.07,0,0,0,0,0,0,0.01,0,0.03,0,0,1460.7,2067,12,0
0.2,12.59,0.51,0.51,1.03,15.4,1.98,0,0.01,0.03,0,0,0,0,0,0,0.01,0,0,0,0,1300.3,1741.5,17.9,0
0.24,8.9,0.01,0.01,8.7,13,1.5,0,0.01,0.03,0,0,0.02,0,0,0,0.28,0,0,0,0,1309.1,1757,14.3,0
0.15,14.5,0.01,0.01,0.01,13.5,5,0,0.01,0.05,0,0,0,0,0,0,0.01,0,0,0,0,1338,1792.7,14.1,0
0.01,0.01,0.01,0.01,18.5,8.8,4.7,0,0.01,1.02,0,0,0.71,0,0,0,0.01,0,0,0,0,1309.1,1495.1,19,0
0.01,0.01,0.01,0.01,14.9,15.3,3.15,0,0.01,0.03,0,0,0.7,0,0,0,0.01,0,0,0,0,1669.3,1726.8,10.8,0
0.2,12.63,0.01,1.5,0.94,13.83,1.98,0,0.08,0.03,0,0,0,0,0,0,0.01,0,0,0,0,1382.2,1764.8,18.5,0
0.01,8.14,0.01,0.01,11.95,10.48,0.02,0,0.01,0.39,0,0,1.11,0,0,0,0.01,0,0,0,0,1768,1828.6,0,0
0.09,12.3,0.63,0.37,0.01,15.2,3.97,0,0.01,0.03,0,0,0,0,0,0,0.01,0,0.04,0,0,1131.9,1595.4,13.4,0
0.15,14.13,0.01,0.01,0.14,13.33,4.8,0,0.01,0.03,0,0,0,0,0,0,0.21,0,0,0,0,1341.7,1745.5,18.5,0
0,11.85,0.01,0.01,10.25,7.48,1.47,0,0.01,0.43,0,0,0.56,0,0,0,0.01,0,0,0,0,1586.7,1671.3,0,0
0,10.09,0.01,0.01,6.98,10.96,5.48,0,0.01,0.03,0,0,0,0,0,0,0.01,0,0.01,0,0,1373.9,1640.2,11.4,0
0.01,0.01,0.01,0.01,18.5,8.7,4.9,0,0.01,0.51,0,0,0.65,0,0,0,0.39,0,0,0,0,1164.4,1371.1,22,0
0.16,14.36,0.01,0.01,0.01,13.33,3.01,0,0.01,0.05,0,0,0,0,0,0,0.97,0,0.03,0,0,1240.2,1598.5,14,0
0.19,12.67,0.46,0.49,0.95,15.1,1.49,0,0.01,0.03,0,0,0,0,0,0,0.01,0,0,0,0,1250.8,1737.4,18.1,0
0.11,9.2,0.01,0.01,3.7,16.7,2,0,0.01,0.03,0,0,0.03,0,0,0,0.5,0,0,0,0,1453.8,1701.8,17,0
0.19,12.54,0.02,0.49,0.96,15.1,1.49,0,0.01,0.03,0,0,0,0,0,0,0.46,0,0,0,0,1241,1719.7,18.5,0
0.2,12.51,0.01,0.51,0.95,15.16,1.98,0,0.08,0.03,0,0,0,0,0,0,0.01,0,0,0,0,1314.2,1775.6,15.3,0
0.15,14.36,0.01,0.01,0.01,12.23,5.09,0,0.01,0.04,0,0,0,0,0,0,0.41,0,0.03,0,0,1471,1939.6,12.5,0
0.16,14.4,0.01,0.01,0.01,11.74,5.28,0,0.01,0.04,0,0,0,0,0,0,0.41,0,0.13,0,0,1646.7,2149.7,10,0
0.2,12.55,0.02,0.49,0.94,15.08,1.97,0,0.02,0.03,0,0,0,0,0,0,0.01,0,0,0,0,1258.6,1738.3,16.9,0
0.15,14.36,0.01,0.01,0.01,13.64,3.04,0,0.01,0.03,0,0,0,0,0,0,0.41,0,0.03,0,0,1233.3,1612.3,14,0
0.17,14.48,0.01,0.01,0.01,11.41,5.22,0,0.01,0.13,0,0,0,0,0,0,0.41,0,0.12,0,0,1536.5,2135.9,10,0
0.2,12.6,0.01,1,0.94,13.77,1.98,0,0.08,0.03,0,0,0,0,0,0,0.21,0,0,0,0,1344.4,1736.9,17.8,0
0.19,12.53,0.01,0.49,0.96,14.95,1.48,0,0.01,0.03,0,0,0,0,0,0,0.33,0,0,0,0,1218.4,1738.3,19.3,0
0.22,12.61,0.01,1.01,0.94,13.78,1.98,0,0.08,0.03,0,0,0,0,0,0,0.01,0,0,0,0,1383.7,1773.6,16.2,0
0.24,8.9,0.01,0.01,7.4,13,1.7,0,0.01,0.03,0,0,0.03,0,0,0,0.28,0,0,0,0,1550.3,1940.7,14.3,0
0.25,14.09,0.01,0.01,0.93,13.88,2,0,0.08,0.03,0,0,0,0,0,0,0.01,0,0,0,0,1438.6,1826.1,11,0
0.01,8.84,0.01,0.01,10.81,9.24,1.19,0,0.01,0.43,0,0,0.57,0,0,0,0.41,0,0,0,0,1755.2,1820.7,0,0
0.01,9.9,0.04,0.04,6.99,8.02,2.75,2.43,0,1.8,0,0,0,0,0,0,0,0,0,0,0,1680.6,1768.7,6.5,0
0.01,0.01,0.01,0.01,14.6,15.4,3.1,0,0.01,0.03,0,0,0.12,0,0,0,0.01,0,0,0,0,1267.1,1331.5,15.8,0
0.02,13.9,0.01,1.82,5.1,8.9,0.02,0,0.01,0.02,0,0,0.04,0,0,0,0.01,0,0,0,0,1226.4,1329.8,17,0
0.01,7.74,0.01,0.01,11.91,9.95,0.98,0,0.01,0.27,0,0,0.71,0,0,0,0.01,0,0,0,0,1779.7,1856.2,0,0
0.21,14.08,0.01,0.01,0.93,13.83,2,0,0.08,0.03,0,0,0,0,0,0,0.01,0,0,0,0,1372.9,1800.2,16.8,0
0.35,9,0.01,0.01,1.5,18,2,0,0.01,0.03,0,0,0.02,0,0,0,0.3,0,0,0,0,1731.7,2232.4,0,0
0,11.11,0.01,0.01,10,7.51,1.23,0.28,0.01,0.57,0,0,0.59,0,0,0,0.01,0,0,0,0,1729.4,1817.2,0,0
0.19,12.53,0.01,0.5,0.95,15.02,1.48,0,0.01,0.03,0,0,0,0,0,0,0.01,0,0,0,0,1311.1,1789.4,16.2,0
0.01,10.12,0.01,0.01,7.01,10.05,5.48,0,0.01,0.03,0,0,0,0,0,0,0.01,0,0,0,0,1486.2,1700.3,14.6,0
0.04,0.01,0.01,0.01,18.8,8,6,0,0.01,0.16,0,0,0.42,0,0,0,0.01,0,0,0,0,1012.8,1198.9,6,0
0.15,14.01,0.01,0.01,0.93,13.76,1.99,0,0.08,0.03,0,0,0,0,0,0,0.01,0,0,0,0,1278.2,1610.8,17.7,0
0.17,12.54,0.01,0.78,0.95,13.99,1.99,0,0.08,0.03,0,0,0,0,0,0,0.01,0,0,0,0,1368.5,1727.5,17.3,0
0.21,12.54,0.01,0.56,0.99,13.76,1.97,0,0.08,0.03,0,0,0,0,0,0,0.34,0,0,0,0,1280.7,1772.2,12.5,0
0.18,0.01,0.11,0.09,17.8,8.06,0.02,0,0.01,0.11,0,0,0.08,0,0,0,4.32,0,0,0,0,1605.4,1639.8,13,0
0.21,12.51,0.01,0.73,0.94,13.78,1.98,0,0.08,0.03,0,0,0,0,0,0,0.01,0,0,0,0,1369.5,1759.4,15.9,0
0.01,15.7,0.01,1.72,4.1,7.4,0.02,0,0.01,0.02,0,0,0.04,0,0,0,0.01,0,0,0,0,1205.8,1281.5,16,0
0.19,12.47,0.01,0.73,0.95,13.78,1.98,0,0.08,0.03,0,0,0,0,0,0,0.01,0,0,0,0,1275.3,1741.8,17.6,0
0.22,8.5,0.01,0.01,4.6,15.3,1.5,0.5,0.01,0.03,0,0,0.03,0,0,0,0.28,0,0,0,0,1575.5,1998.1,14.7,0
0.21,12.55,0.01,0.5,0.94,13.75,1.98,0,0.08,0.03,0,0,0,0,0,0,0.01,0,0,0,0,1369.5,1767.4,17.7,0
0.23,12.47,0.01,0.52,0.95,13.78,1.97,0,0.08,0.03,0,0,0,0,0,0,0.01,0,0,0,0,1359.7,1809.9,7.3,0
0.03,0.01,0.01,0.01,18.4,7,4.9,0,0.01,0.15,0,0,1.77,0,0,0,0.01,0,0,0,0,1233.3,1378,24,0
0.19,12.64,0.01,0.5,0.98,13.67,1.95,0,0.02,0.03,0,0,0,0,0,0,0.01,0,0,0,0,1376.3,1732.4,17.7,0
0.2,13.82,0.01,0.01,1.13,13.74,0.99,0,0.09,0.03,0,0,0,0,0,0,0.01,0,0,0,0,1376.7,1809.3,18,0
0.21,14.04,0.01,0.01,0.01,13.79,1.99,0,0.08,0.03,0,0,0,0,0,0,0.01,0,0,0,0,1348.9,1727.5,9.6,0
0.21,12.59,0.01,0.37,0.96,13.75,1.98,0,0.08,0.03,0,0,0,0,0,0,0.01,0,0,0,0,1332.7,1774.1,16.8,0
0.01,0.01,0.01,0.01,17,8.7,4.8,0,0.01,0.39,0,0,0.67,0,0,0,0.34,0,0,0,0,1287.3,1429.7,19.3,0
0.02,0.01,0.01,0.01,14.5,15.4,0.92,0,0.01,0.03,0,0,0.41,0,0,0,0.01,0,0,0,0,1212,1272.2,14.8,0
0.01,0.01,0.05,0.05,17.4,7.9,4.97,0,0.01,0.13,0,0,1.5,0,0,0,0.01,0,0,0,0,2356.4,2404.6,8,0
0.2,12.46,0.01,0.3,0.95,13.75,1.97,0,0.08,0.03,0,0,0,0,0,0,0.01,0,0,0,0,1299.8,1770.2,13.6,0
0.16,14.26,0.01,0.01,0.01,10.55,4.93,0,0.01,0.04,0,0,0,0,0,0,0.46,0,0.03,0,0,1405.6,1894.8,14,0
0.02,0.01,0.01,0.01,14.7,15.5,0.02,0,0.01,0.03,0,0,0.43,0,0,0,0.01,0,0,0,0,1144.8,1176.2,16.5,0
0.2,12.43,0.01,0.01,1.21,13.82,2.01,0,0.08,0.03,0,0,0,0,0,0,0.01,0,0,0,0,1423.8,1818.8,16.5,0
0,14.3,0.01,0.01,8.3,4.3,2.6,0,0.01,0.1,0,0,0.49,0,0,0,0.01,0,0,0,0,1350.4,1478,0,0
0,14.3,0.01,0.01,8.4,4.3,2.5,0,0.01,0.12,0,0,0.47,0,0,0,0.01,0,0,0,0,1274.7,1347,0,0
0.02,13.9,0.01,1.93,6,6,0.02,0,0.01,0.03,0,0,0.05,0,0,0,0.01,0,0,0,0,1130,1212.6,14,0
0.06,16.42,2.09,0.32,5.14,2.03,1.51,0,0.01,0.88,0,0,0,0,0,0,0.01,0,0,0,0,1237,1374.2,9.9,0
0.19,12.61,0.01,0.01,0.99,13.79,1.98,0,0.07,0.03,0,0,0,0,0,0,0.01,0,0,0,0,1371.4,1730.5,15.6,0
0.2,11.94,0.01,0.01,2.48,13.64,0.99,0,0.1,0.03,0,0,0,0,0,0,0.01,0,0,0,0,1273.3,1640.2,18.6,0
0.01,0.01,0.01,0.01,15.2,9.2,5.1,0,0.01,0.9,0,0,0.7,0,0,0,0.01,0,0,0,0,1393.5,1521.4,13.8,0
0.01,0.01,0.01,0.01,15.1,9.2,5.1,0,0.01,0.92,0,0,0.7,0,0,0,0.01,0,0,0,0,1580.1,1719.1,10.2,0
0.02,15.5,0.01,1.92,3.9,6,0.02,0,0.01,0.04,0,0,0.07,0,0,0,0.01,0,0,0,0,1109.3,1178.2,12,0
0.23,12.6,0.01,0.36,0.95,12.77,1.97,0,0.08,0.03,0,0,0,0,0,0,0.01,0,0,0,0,1302.8,1721.7,18.1,0
0.25,9,0.01,0.01,6.2,12.2,1.3,0,0.01,0.03,0,0,0.03,0,0,0,0.29,0,0,0,0,1405.6,1798.3,16,0
0.02,0.01,0.01,0.01,18.6,6.7,5.1,0,0.01,0.12,0,0,0.89,0,0,0,0.01,0,0,0,0,1088.6,1226.4,21,0
0.02,0.01,0.01,0.01,18.6,6.9,5.1,0,0.01,0.12,0,0,0.64,0,0,0,0.01,0,0,0,0,1026.6,1178.2,14,0
0.24,8.9,0.01,0.01,5.1,13,1.7,0,0.01,0.03,0,0,0.03,0,0,0,0.29,0,0,0,0,1429.7,1925.8,15.5,0
0.22,3.03,0.01,0.01,11.17,13.89,1.18,0,0.01,0.03,0,0,0.01,0,0,0,0.01,0,0,0,0,1810,1970,12.2,0
0.01,0.01,0.01,0.01,15.3,9.1,5.1,0,0.01,0.6,0,0,0.68,0,0,0,0.01,0,0,0,0,1123.1,1198.9,13,0
0.15,9,0.01,0.01,4.8,13,1.5,0,0.01,0.03,0,0,0.02,0,0,0,0.5,0,0,0,0,1412.5,1688.1,10,0
0.2,10.53,0.01,0.01,2.49,13.67,1.98,0,0.1,0.03,0,0,0,0,0,0,0.01,0,0,0,0,1282.2,1668.7,17.8,0
0.23,3.11,0.01,0.01,11.26,13.48,1.19,0,0.01,0.01,0,0,0.01,0,0,0,0.01,0,0,0,0,1777.6,1954.6,15.6,0
0.03,0.01,0.01,0.01,15,8.8,5,0,0.2,0.98,0,0,0.26,0,0,0,0.01,0,0,0,0,1026.6,1164.4,35,0
0.03,0.01,0.01,0.01,18.3,6.7,5.1,0,0.01,0.11,0,0,0.7,0,0,0,0.01,0,0,0,0,1109.3,1281.5,18,0
0.1,12.195,0.62,0.37,0.01,10.2,6.15,0,0.01,0.03,0,0,0,0,0,0,0.01,0,0.03,0,0,1258.2,1650.9,12,0
0.22,3.11,0.01,0.01,11.22,13.51,1.19,0,0.01,0.01,0,0,0.01,0,0,0,0.01,0,0,0,0,1743.5,1925.4,16.8,0
0.21,3.1,0.01,0.01,11.18,13.52,1.19,0,0.01,0.01,0,0,0.01,0,0,0,0.01,0,0,0,0,1792.1,1991.2,15,0
0.23,3.1,0.01,0.01,11.08,13.49,1.19,0,0.01,0.01,0,0,0.01,0,0,0,0.01,0,0,0,0,1741.8,1933.4,15.6,0
0.23,3.11,0.01,0.01,11.16,13.46,1.18,0,0.01,0.01,0,0,0.01,0,0,0,0.01,0,0,0,0,1746.6,1945.8,14.8,0
0.24,3.12,0.01,0.01,11.06,13.46,1.19,0,0.01,0.01,0,0,0.01,0,0,0,0.01,0,0,0,0,1804.2,2010.8,15.9,0
0.03,14.5,0.6,0.3,8.5,0.01,2.5,0,0.01,1.2,0,0,0,0,0,0,0.01,0,0,0,0,1478.4,1617,5,0
0.21,3.11,0.01,0.01,11.11,13.48,1.19,0,0.01,0.01,0,0,0.01,0,0,0,0.01,0,0,0,0,1795.5,1991.9,13.4,0
0.23,3.12,0.01,0.02,11.03,13.45,1.2,0,0.01,0.01,0,0,0.01,0,0,0,0.01,0,0,0,0,1818,2022.2,14.4,0
0.08,12.16,0.59,0.3,0.01,10,6.3,0,0.01,0.03,0,0,0,0,0,0,0.01,0,0.05,0,0,1287.4,1801.8,9.7,0
0.02,0.01,0.01,0.01,18.1,6.8,4.8,0,0.3,0.09,0,0,0.41,0,0,0,0.01,0,0,0,0,1005.9,1109.3,28,0
0.01,7.93,0.01,0.03,10.02,8.14,0.2,2.29,0,0.2,0,0,0.49,0,0,0,0,0,0.01,0,0,1525,1635,9.8,0
0.07,17,0.6,0.3,7,0.01,0.02,0,0.01,1.2,0,0,0,0,0,0,0.01,0,0,0,0,1362.9,1447.6,9,0
0.02,5.1,0.01,0.01,11.2,6.2,5.1,0,0.01,0.71,0,0,0.94,0,0,0,0.01,0,0,0,0,1071.4,1229.8,24.5,0
0.02,5.1,0.01,0.01,11.2,6.3,5.1,0,0.01,0.41,0,0,0.74,0,0,0,0.49,0,0,0,0,1136.8,1205.8,22.5,0
0.09,17.48,2.8,0.32,4.44,0.01,0.02,0,0.01,0.9,0,0,0,0,0,0,0.01,0,0,0,0,1236.6,1381.9,12.9,0
0.01,5.1,0.01,0.01,11.2,6.3,5.1,0,0.01,0.09,0,0,0.78,0,0,0,0.94,0,0,0,0,1040.4,1164.4,22,0
0.02,0.01,0.01,0.01,14.6,8.9,5,0,0.2,0.48,0,0,0.2,0,0,0,0.43,0,0,0,0,1026.6,1178.2,18,0
0.02,0.01,0.01,0.01,14.9,8.7,4.8,0,0.01,0.36,0,0,0.71,0,0,0,0.26,0,0,0,0,1164.4,1260.9,24,0
0.04,12,0.44,0.32,0.01,10,6.16,0,0.01,0.03,0,0,0,0,0,0,0.01,0,0.03,0,0,1219.7,1674,12.5,0
0.04,0.01,0.01,0.01,15,8.8,5,0,0.2,0.5,0,0,0.24,0,0,0,0.01,0,0,0,0,1019.7,1157.5,15,0
0.21,8.2,0.01,0.6,2.6,14.2,1.3,0,0.01,0.03,0,0,0.02,0,0,0,0.29,0,0,0,0,1391.8,1839.6,11,0
0.01,5,0.01,0.01,11.2,6.2,5,0,0.01,0.09,0,0,1.81,0,0,0,0.01,0,0,0,0,1164.4,1288.4,33,0
0.17,2.97,0.16,0.05,10.02,13.74,1.21,0,0.01,0.01,0,0,0,0,0,0,0.01,0,0,0,0,1547.3,1663.9,14.4,0
0.07,15,0.6,0.3,7,0.01,2.25,0,0.01,1.2,0,0,0,0,0,0,0.01,0,0,0,0,1463,1555.4,6.5,0
0.03,0.01,0.05,0.17,16.4,6.9,0.02,0,0.01,0.1,0,0,0.14,0,0,0,4,0,0,0,0,1536.5,1536.5,11,0
0.35,0.01,0.07,4.75,18.5,0.01,0.02,0,0.01,0.03,0,0,0,0,0,0,0.01,0,0,0,0,1250.5,1949.9,2,0
0.01,5,0.01,0.01,11.1,6.3,5.1,0,0.01,0.1,0,0,1.29,0,0,0,0.01,0,0,0,0,1123.1,1247.1,23,0
0.09,17.5,1,0.5,4.2,0.01,2.75,0,0.01,0.03,0,0,0,0,0,0,0.01,0,0.1,0,0,1016.4,1324.4,12,0
0.19,6.8,0.01,0.01,2.8,14.2,2.4,1.3,0.01,0.03,0,0,0.02,0,0,0,0.28,0,0,0,0,1371.1,1812.1,13,0
0.09,17.12,0.5,0.28,4.18,2.02,2.02,0,0.01,0.03,0,0,0,0,0,0,0.01,0,0,0,0,1117.3,1286.6,20.2,0
0.1,12.32,0.53,0.26,0.01,9.75,0.02,6,0.01,0.03,0,0,0,0,0,0,0.01,0,0.03,0,0,1232,1566.2,14.7,0
0.16,1.97,0.16,0.05,10.05,13.88,1,0,0.01,0.01,0,0,0,0,0,0,0.01,0,0,0,0,1592.9,1729.6,14.5,0
0.16,1.95,0.06,0.04,10.15,13.8,0.98,0,0.01,0.01,0,0,0.01,0,0,0,0.01,0,0,0,0,1629.9,1760.8,14.5,0
0.02,5,0.01,0.01,11.1,6.2,4.8,0,0.01,0.09,0,0,0.82,0,0,0,0.01,0,0,0,0,1047.3,1178.2,18,0
0.11,11.89,0.58,0.22,0.01,10.2,3.88,0,0.01,0.03,0,0,0,0,0,0,0.01,0,0.02,0,0,1096.5,1492.3,14.5,0
0.24,9.1,0.01,0.01,2.8,12.4,1.3,0,0.01,0.03,0,0,0.03,0,0,0,0.37,0,0,0,0,1615.8,1960.2,15.5,0
0.23,9,0.01,0.01,2.8,12.5,1.3,0,0.01,0.03,0,0,0.03,0,0,0,0.3,0,0,0,0,1522.7,2024,14.4,0
0.02,0.01,0.01,0.01,13,8.9,5,0,0.01,0.2,0,0,0.71,0,0,0,0.47,0,0,0,0,1061.1,1198.9,23,0
0.18,9.1,0.01,0.01,2.8,12.5,1.3,0,0.01,0.03,0,0,0.03,0,0,0,0.29,0,0,0,0,1426.2,1800.6,16,0
0.24,9,0.01,0.01,2.8,12.4,1.3,0,0.01,0.03,0,0,0.02,0,0,0,0.29,0,0,0,0,1564,1939.6,16,0
0.1,17,3,0.3,4.2,0.01,0.02,0,0.01,0.03,0,0,0,0,0,0,0.01,0,0,0,0,1130.4,1350.6,30.5,0
0.15,2.97,0.16,0.05,10.06,12.05,1,0,0.01,0.01,0,0,0,0,0,0,0.01,0,0,0,0,1455.4,1567.7,16.7,0
0.09,16.92,2.16,0.18,4.26,0.01,1.04,0,0.01,0.03,0,0,0,0,0,0,0.01,0,0,0,0,1028.7,1315.2,18,0
0.03,12.64,0.01,0.01,8.44,0.01,2.24,0,0.01,1.31,0,0,0.01,0,0,0,0.01,0,0,0,0,1521.3,1572.3,13.5,0
0.02,0.01,0.1,4.27,18.1,0.01,0.02,0,0.01,0.07,0,0,0.09,0,0,0,0.01,0,0,0,0,1801.8,1915.4,4,0
0.15,2.01,0.16,0.06,10.08,12.15,1.22,0,0.01,0.01,0,0,0,0,0,0,0.01,0,0,0,0,1503.4,1642.2,16,0
0.03,12.51,0.01,0.01,8.36,0.01,2.22,0,0.01,1.06,0,0,0.09,0,0,0,0.01,0,0,0,0,1350.3,1413.2,18.2,0
0.04,12.52,0.01,0.02,8.63,0.01,2.1,0,0.01,1,0,0,0,0,0,0,0.01,0,0,0,0,1308,1431.4,14.3,0
0.03,12.49,0.01,0.01,8.31,0.01,2.21,0,0.01,1.06,0,0,0.09,0,0,0,0.01,0,0.01,0,0,1357.9,1408.6,16.8,0
0.03,12.49,0.01,0.01,8.31,0.01,2.22,0,0.01,1.07,0,0,0.05,0,0,0,0.01,0,0,0,0,1317,1526.5,18.1,0
0.03,12.52,0.01,0.01,8.34,0.01,2.21,0,0.01,1.06,0,0,0.02,0,0,0,0.01,0,0.01,0,0,1269,1325.2,16.2,0
0.03,12.57,0.01,0.01,8.29,0.01,2.22,0,0.01,1.05,0,0,0.01,0,0,0,0.01,0,0.01,0,0,1306.9,1336.4,15.9,0
0.03,12.54,0.01,0.01,8.38,0.01,2.24,0,0.01,1.03,0,0,0.01,0,0,0,0.01,0,0,0,0,1285,1311.3,16,0
0.04,12.49,0.01,0.01,8.3,0.01,2.23,0,0.01,1.07,0,0,0.01,0,0,0,0.01,0,0,0,0,1297.5,1343.3,15.5,0
0.04,12.51,0.01,0.01,8.32,0.01,2.22,0,0.01,1.06,0,0,0.05,0,0,0,0.01,0,0,0,0,1344,1511,17.8,0
0.04,12.45,0.01,0.01,8.33,0.01,2.2,0,0.01,1.04,0,0,0.1,0,0,0,0.01,0,0,0,0,1348.6,1440.6,17.3,0
0.12,2.01,0.18,0.06,10.07,12.1,1,0,0.01,0.01,0,0,0,0,0,0,0.01,0,0,0,0,1463.3,1574.7,15.4,0
0.03,12.51,0.01,0.01,8.28,0.01,2.2,0,0.01,1.05,0,0,0.05,0,0,0,0.01,0,0.01,0,0,1276.7,1334,18.3,0
0.03,12.51,0.01,0.01,8.31,0.01,2.22,0,0.01,1.06,0,0,0.02,0,0,0,0.01,0,0,0,0,1296,1355.3,18.2,0
0.03,12.56,0.01,0.01,8.31,0.01,2.22,0,0.01,1.02,0,0,0.01,0,0,0,0.01,0,0,0,0,1277.7,1308.8,16.1,0
0.04,12.49,0.01,0.01,8.3,0.01,2.21,0,0.01,1.02,0,0,0.09,0,0,0,0.01,0,0,0,0,1391.2,1426,16.6,0
0.04,12.46,0.01,0.01,8.34,0.01,2.24,0,0.01,1.04,0,0,0.01,0,0,0,0.01,0,0,0,0,1312,1344.4,14.6,0
0.03,12.47,0.01,0.01,8.31,0.01,2.2,0,0.01,1.03,0,0,0.02,0,0,0,0.01,0,0,0,0,1276.5,1463.8,18.6,0
0.2,8.2,0.01,0.01,2.1,12.4,1.3,0,0.01,0.03,0,0,0.02,0,0,0,0.29,0,0,0,0,1357.3,1777.6,11,0
0.04,12.35,0.01,0.01,8.27,0.01,2.21,0,0.01,1.04,0,0,0.03,0,0,0,0.01,0,0,0,0,1294.9,1352.1,18.2,0
0.13,15.5,1,0.25,4.2,0.01,2.75,0,0.01,0.03,0,0,0,0,0,0,0.01,0,0.1,0,0,1155,1409.1,14,0
0.14,15.69,3,0.24,4.14,0.01,0.02,0,0.01,0.03,0,0,0,0,0,0,0.01,0,0,0,0,1153.4,1359.8,17.2,0
0.04,12.58,0.01,0.01,8.39,0.01,2.2,0,0.01,0.77,0,0,0.02,0,0,0,0.01,0,0,0,0,1280.2,1343.8,18.4,0
0.12,12.02,0.54,1.2,2,4,3.01,0,0.41,0.03,0,0,0,0,0,0,0.35,0,0.05,0,0,1074.9,1342.9,17.9,0
0.01,11.3,0.07,0.11,10.3,0.01,2.05,0,0.01,0.24,0,0,0.23,0,0,0,0.01,0,0,0,0,1157.5,1187.8,16.5,0
0.04,12.44,0.01,0.04,8.26,0.01,2.19,0,0.01,0.77,0,0,0.02,0,0,0,0.01,0,0,0,0,1280.8,1340.1,16.1,0
0.4,12.14,0.16,0.01,0.01,4.92,5.84,0,0.01,0.03,0,0,0,0,0,0,0.96,0,0,0,0,1667.4,2122.1,4,0
0.03,11.2,0.01,0.01,9.61,0.01,0.02,4,0.01,0.39,0,0,0.26,0,0,0,0.01,0,0,0,0,1199,1266.5,10.3,0
0.04,12.38,0.01,0.01,8.25,0.01,2.2,0,0.01,0.81,0,0,0.03,0,0,0,0.01,0,0,0,0,1305.4,1361.8,18.2,0
0.01,0.01,0.01,0.01,21,0.01,2.1,0,0.01,0.13,0,0,1.9,0,0,0,0.01,0,0,0,0,1661.2,1888.4,6,0
0.01,0.01,0.1,3.3,18.5,0.01,0.02,0,0.01,0.05,0,0,0.11,0,0,0,0.01,0,0,0,0,1474.4,1529.6,13.5,0
0.01,10.5,0.01,0.01,10.3,0.01,3.1,0,0.01,0.36,0,0,0.11,0,0,0,0.01,0,0,0,0,1091.4,1140.3,22,0
0.02,10.2,0.74,0.1,10.2,0.01,1.98,0,0.01,0.3,0,0,0.22,0,0,0,0.01,0,0,0,0,1145.8,1196.1,18,0
0.01,10.6,0.05,0.02,10.6,0.01,2.06,0,0.01,0.36,0,0,0.08,0,0,0,0.01,0,0,0,0,1194,1235.4,17,0
0.1,12,0.5,0.3,2,5,0.02,6,0.01,0.03,0,0,0,0,0,0,0.01,0,0,0,0,1235.9,1520,15.6,0
0,10.2,0.1,0.41,10.4,0.01,2,0,0.01,0.25,0,0,0.23,0,0,0,0.01,0,0,0,0,1221.6,1282.9,17.5,0
0.01,7.7,0.05,0.1,12.2,0.01,3.05,0,0.01,0.63,0,0,0.2,0,0,0,0.01,0,0,0,0,1506.8,1546.8,14,0
0.02,0.01,0.11,3.18,18.3,0.01,0.02,0,0.01,0.03,0,0,0,0,0,0,0.01,0,0,0,0,1419.4,1481.4,14,0
0,10.4,0.07,0.1,10.4,0.01,2.2,0,0.01,0.25,0,0,0.24,0,0,0,0.01,0,0,0,0,1224.7,1241.2,15.5,0
0,10.2,0.11,0.3,10.4,0.01,2.05,0,0.01,0.2,0,0,0.22,0,0,0,0.01,0,0,0,0,1173.8,1232,18,0
0.01,9.4,0.08,0.05,10.7,0.01,3.2,0,0.01,0.27,0,0,0.22,0,0,0,0.01,0,0,0,0,1267.8,1285,15,0
0.03,10.7,0.01,0.01,9.46,0.01,2.45,0,0.01,0.46,0,0,0.28,0,0,0,0.01,0,0,0,0,1182,1254.5,10.1,0
0,11.2,0.05,0.02,9.9,0.01,2.05,0,0.01,0.13,0,0,0.3,0,0,0,0.01,0,0,0,0,1172,1213.3,18,0
0,10.2,0.36,0.08,10.3,0.01,2.02,0,0.01,0.3,0,0,0.23,0,0,0,0.01,0,0,0,0,1178.9,1234.4,18.5,0
0,10.1,0.44,0.08,10.3,0.01,2,0,0.01,0.3,0,0,0.22,0,0,0,0.01,0,0,0,0,1163,1219.6,17.5,0
0.01,10.2,0.11,0.18,10.3,0.01,2.05,0,0.01,0.27,0,0,0.22,0,0,0,0.01,0,0,0,0,1175.4,1224.4,19,0
0.01,10.2,0.03,0.03,10.5,0.01,2.2,0,0.01,0.23,0,0,0.24,0,0,0,0.01,0,0,0,0,1340.8,1353.2,13,0
0.01,10.3,0.12,0.06,10.2,0.01,2.05,0,0.01,0.31,0,0,0.21,0,0,0,0.01,0,0,0,0,1258.8,1289.1,15,0
0.01,7.65,0.05,0.09,12.2,0.01,3.05,0,0.01,0.46,0,0,0.2,0,0,0,0.01,0,0,0,0,1414.5,1465.5,15,0
0.02,10.2,0.24,0.1,10.3,0.01,1.94,0,0.01,0.24,0,0,0.23,0,0,0,0.01,0,0,0,0,1167.2,1207.8,16.5,0
0,10.4,0.05,0.02,10,0.01,2.05,0,0.01,0.35,0,0,0.31,0,0,0,0.01,0,0,0,0,1282.2,1344.2,16,0
0.01,0.01,0.01,0.01,17.5,0.01,2.1,0,0.01,0.12,0,0,2,0,0,0,2,0,0,0,0,1998.6,2088.4,10,0
0.02,10,0.48,0.1,10,0.01,1.92,0,0.01,0.29,0,0,0.21,0,0,0,0.01,0,0,0,0,1188.6,1236.4,16.5,0
0,10.3,0.05,0.02,10.2,0.01,2.06,0,0.01,0.35,0,0,0.17,0,0,0,0.01,0,0,0,0,1243,1292.6,16,0
0,9.9,0.12,0.07,10.5,0.01,2.1,0,0.01,0.23,0,0,0.22,0,0,0,0.01,0,0,0,0,1150.6,1202.6,17,0
0.36,6.75,0.22,0.01,0.01,9.46,5.75,0,0.01,0.03,0,0,0,0,0,0,0.96,0,0,0,0,1846.5,2177.2,6,0
0.02,10.4,0.06,0.13,9.9,0.01,2.15,0,0.01,0.09,0,0,0.13,0,0,0,0.01,0,0,0,0,1005.9,1033.5,21,0
0.03,7.5,0.05,0.11,12.1,0.01,3.05,0,0.01,0.25,0,0,0.2,0,0,0,0.01,0,0,0,0,1218.8,1260.2,18,0
0,10.3,0.05,0.03,10.3,0.01,2.06,0,0.01,0.09,0,0,0.09,0,0,0,0.01,0,0,0,0,1032.1,1063.1,20,0
0.01,7.7,0.07,0.1,12,0.01,3.02,0,0.01,0.08,0,0,0.06,0,0,0,0.01,0,0,0,0,1010.8,1041.1,19,0
0.03,11.3,0.01,0.01,8.64,0.01,0.02,1.84,0.01,0.39,0,0,0.27,0,0,0,0.01,0,0,0,0,1194,1259,10.8,0
0.01,9,0.08,0.12,8.5,0.01,3.25,0,0.01,0.9,0,0,0.23,0,0,0,0.01,0,0,0,0,1462.7,1533,12,0
0.02,7.4,0.06,0.08,10.3,0.01,3.25,0,0.01,0.91,0,0,0.23,0,0,0,0.01,0,0,0,0,1555.8,1598.5,12,0
0,10.4,0.12,0.08,9.2,0.01,1.97,0,0.01,0.26,0,0,0.21,0,0,0,0.01,0,0,0,0,1207.8,1223.7,16,0
0.02,0.01,0.01,0.01,17.9,0.01,3.1,0,0.01,0.07,0,0,1.4,0,0,0,0.9,0,0,0,0,1730.2,1819.5,10,0
0.03,10.7,0.01,0.01,10.3,0.01,0.02,0,0.01,0.21,0,0,0.31,0,0,0,0.01,0,0,0,0,1125,1217.5,15.4,0
0.03,0.01,0.01,0.01,18.1,0.01,2.2,0,0.01,0.1,0,0,2.5,0,0,0,0.01,0,0,0,0,2006,2130,5,0
0.03,0.01,0.01,0.01,18.1,0.01,2.2,0,0.01,0.11,0,0,2.5,0,0,0,0.01,0,0,0,0,2005.5,2129.5,5,0
0.01,0.01,0.06,2.58,17.8,0.01,0.02,0,0.01,0.05,0,0,0.07,0,0,0,0.01,0,0,0,0,1309.1,1374.6,16,0
0.01,9.8,0.12,0.08,10,0.01,1.7,0,0.01,0.2,0,0,0.19,0,0,0,0.01,0,0,0,0,1087,1130.2,15.4,0
0.01,7.7,0.05,0.1,10.4,0.01,3.07,0,0.01,0.67,0,0,0.2,0,0,0,0.01,0,0,0,0,1475.8,1529.6,16,0
0.01,0.01,0.01,0.01,17.8,0.01,3.1,0.33,0.01,0.05,0,0,1.1,0,0,0,1,0,0,0,0,1688.1,1750.1,12,0
0.03,0.01,0.01,0.01,17.3,0.01,0.02,0,2.5,0.1,0,0,1.07,0,0,0,1.8,0,0,0,0,1730.2,1771.4,8,0
0.38,7.43,0.18,0.01,0.01,4.91,9.67,0,0.01,0.03,0,0,0,0,0,0,0.96,0,0,0,0,1577.8,1943,3,0
0.4,9.69,0.18,0.01,0.01,4.87,5.84,0,0.01,0.03,0,0,0,0,0,0,0.96,0,0,0,0,1798.3,2135.9,6,0
0.02,0.01,0.1,2.02,18.4,0.01,0.02,0,0.01,0.03,0,0,0,0,0,0,0.01,0,0,0,0,1298.8,1343.6,15,0
0.01,7.6,0.05,0.09,10.3,0.01,3.05,0,0.01,0.52,0,0,0.2,0,0,0,0.01,0,0,0,0,1383.5,1424.9,15,0
0.02,0.01,0.01,0.01,17.5,0.01,0.02,0,0.01,0.09,0,0,2.06,0,0,0,1.9,0,0,0,0,1730.2,1943.5,6,0
0.01,5.32,0.05,0.06,12.95,0.01,2.93,0,0.01,0.51,0,0,0.2,0,0,0,0.01,0,0,0,0,1404.2,1429,15,0
0.01,0.01,0.03,0.01,18.11,0.01,3.07,0,0.01,0.09,0,0,1.41,0,0,0,0.01,0,0,0,0,1641.2,1709.9,10.7,0
0.01,0.01,0.02,0.01,18.2,0.01,3.06,0,0.01,0.09,0,0,1.26,0,0,0,0.01,0,0,0,0,1599.4,1670.1,12.5,0
0.29,1.02,0.01,0.01,10.46,7.17,2,1.28,0.01,0.03,0,0,0.01,0,0,0,0.1,0,0,0,0,1683,1990,14,0
0,0.01,0.01,0.01,18.1,0.01,3.1,0,0.01,0.05,0,0,1.4,0,0,0,0.01,0,0,0,0,1716.3,1833.4,13,0
0.03,0.01,0.01,0.01,18.5,0.01,0.02,3,0.01,0.1,0,0,1.4,0,0,0,0.01,0,0,0,0,1600,1650,8,0
0,7.5,0.07,0.08,10.5,0.01,3.3,0,0.01,0.21,0,0,0.23,0,0,0,0.01,0,0,0,0,1263.6,1279.5,16,0
0.01,7.95,0.04,0.1,10.2,0.01,3.08,0,0.01,0.08,0,0,0.05,0,0,0,0.01,0,0,0,0,1061.7,1079,18,0
0.01,8.9,0.08,0.12,8.35,0.01,3.25,0,0.01,0.25,0,0,0.2,0,0,0,0.01,0,0,0,0,1169.2,1181.6,18,0
0.01,7.8,0.06,0.05,10.2,0.01,3.2,0,0.01,0.06,0,0,0.1,0,0,0,0.01,0,0,0,0,1036.9,1054.9,19,0
0.03,8.9,0.07,0.04,8.45,0.01,3.25,0,0.01,0.15,0,0,0.23,0,0,0,0.01,0,0,0,0,1150.6,1168.5,17,0
0.01,0.01,0.01,0.01,18.1,0.01,1,0,0.01,0.08,0,0,1.8,0,0,0,0.01,0,0,0,0,1737.2,1840.3,9,0
0.02,4.98,0.21,0.19,12.26,0.01,2.97,0,0.01,0.23,0,0,0.14,0,0,0,0.01,0,0,0,0,1194,1223.7,15,0
0.01,4.65,0.08,0.05,12.11,0.01,3.13,0,0.01,0.57,0,0,0.2,0,0,0,0.01,0,0,0,0,1390.4,1413.8,15,0
0.01,0.01,2.5,0.02,18,0.01,0.02,0,0.01,0.05,0,0,0.04,0,0,0,0.01,0,0,0,0,1471.1,1522.7,12,0
0.01,4.8,0.05,0.12,12.16,0.01,2.99,0,0.01,0.4,0,0,0.19,0,0,0,0.01,0,0,0,0,1272.6,1318.1,17.5,0
0.01,0.01,0.01,0.01,17.4,0.01,1.44,0,0.01,0.08,0,0,1.9,0,0,0,0.01,0,0,0,0,1392.4,1640.4,12,0
0.01,0.01,0.01,0.01,17.1,0.01,2,0,0.01,0.07,0,0,1.82,0,0,0,0.01,0,0,0,0,1874.6,1971.2,10,0
0.02,0.01,0.01,0.01,17.8,0.01,0.64,0,0.01,0.08,0,0,2.03,0,0,0,0.01,0,0,0,0,1730.2,1854.2,10,0
0.01,4.67,0.06,0.03,12.14,0.01,3.17,0,0.01,0.47,0,0,0.19,0,0,0,0.01,0,0,0,0,1390.4,1413.8,15,0
0.01,4.87,0.1,0.18,12.08,0.01,2.97,0,0.01,0.25,0,0,0.15,0,0,0,0.01,0,0,0,0,1230.6,1262.2,16,0
0.01,5,0.02,0.03,12.16,0.01,3,0,0.01,0.31,0,0,0.21,0,0,0,0.01,0,0,0,0,1309.8,1345.6,15,0
0.02,0.01,0.01,0.01,17.9,0.01,0.3,0,0.01,0.1,0,0,1.95,0,0,0,0.01,0,0,0,0,1674.6,1778.3,9,0
0.02,4.73,0.08,0.04,12.08,0.01,3.15,0,0.01,0.38,0,0,0.23,0,0,0,0.01,0,0,0,0,1243.6,1267.1,17,0
0.01,4.86,0.05,0.06,11.6,0.01,2.95,0,0.01,0.58,0,0,0.22,0,0,0,0.01,0,0,0,0,1437.3,1459.3,16,0
0.01,4.77,0.03,0.11,12.21,0.01,3.03,0,0.01,0.26,0,0,0.2,0,0,0,0.01,0,0,0,0,1216.8,1249.8,17,0
0.37,7.41,0.18,0.01,0.01,4.88,6.85,0,0.01,0.03,0,0,0,0,0,0,0.96,0,0,0,0,1784.5,2129,5,0
0,5.01,0.04,0.06,11.83,0.01,2.98,0,0.01,0.39,0,0,0.2,0,0,0,0.01,0,0,0,0,1324.3,1351.8,16,0
0.01,0.01,0.04,1.87,16.7,0.01,0.02,0,0.01,0.05,0,0,0.08,0,0,0,0.01,0,0,0,0,1188.5,1223,18,0
0.01,4.7,0.08,0.04,12.2,0.01,3.13,0,0.01,0.26,0,0,0.19,0,0,0,0.01,0,0,0,0,1212.6,1244.3,18,0
0.36,7.72,0.21,0.01,0.01,4.93,5.71,0,0.01,0.03,0,0,0,0,0,0,1.15,0,0,0,0,1819,2135.9,6,0
0.37,7.19,0.23,0.01,0.01,4.99,5.71,0,0.78,0.03,0,0,0,0,0,0,1.1,0,0,0,0,1340.1,1998.1,10,0
0,4.81,0.05,0.06,11.5,0.01,2.95,0,0.01,0.66,0,0,0.2,0,0,0,0.01,0,0,0,0,1451.7,1494.4,16,0
0.35,7.15,0.23,0.01,0.01,4.9,5.78,1.54,0.01,0.03,0,0,0,0,0,0,1.02,0,0,0,0,1688.1,2039.4,6,0
0.01,4.57,0.07,0.04,12.05,0.01,3.12,0,0.01,0.34,0,0,0.18,0,0,0,0.01,0,0,0,0,1254,1286.4,16,0
0.01,0.01,1.72,0.02,18.1,0.01,0.02,0,0.01,0.05,0,0,0.06,0,0,0,0.01,0,0,0,0,1136.9,1192,8,0
0.36,7.11,0.17,0.01,0.01,5.03,0.25,9.18,0.01,0.03,0,0,0,0,0,0,1.08,0,0,0,0,1681.2,2032.6,2,0
0.01,4.62,0.05,0.11,12.08,0.01,2.79,0,0.01,0.21,0,0,0.2,0,0,0,0.01,0,0,0,0,1167.2,1220.9,17.5,0
0.43,7.14,0.21,0.01,0.01,4.99,5.62,0,0.01,0.03,0,0,0,0,0,0,1.02,0,0,0,0,1736.3,2039.4,6,0
0.02,0.01,0.01,0.01,15.7,0.01,2,0,0.01,0.1,0,0,1.98,0,0,0,0.01,0,0,0,0,1723.2,1847.2,10,0
0.39,6.99,0.22,0.01,0.01,4.9,5.75,0,0.01,0.03,0,0,0,0,0,0,1.08,0,0,0,0,1688.1,1998.1,8,0
0.02,4.7,0.07,0.11,10.2,0.01,3.1,0,0.01,0.7,0,0,0.22,0,0,0,0.01,0,0,0,0,1420,1455.9,12,0
0.4,7.41,0.14,0.01,0.01,4.83,5.75,0,0.01,0.03,0,0,0,0,0,0,0.56,0,0,0,0,1805.2,2101.5,4,0
0.02,4.83,0.07,0.1,10.2,0.01,3.2,0,0.01,0.52,0,0,0.24,0,0,0,0.01,0,0,0,0,1304.3,1338.7,14,0
0.36,6.55,0.23,0.01,0.01,5.1,5.75,0,0.41,0.03,0,0,0,0,0,0,0.86,0,0,0,0,1653.6,1963.7,6,0
0.02,0.01,0.01,0.01,15.3,0.01,1.4,0,0.01,0.12,0,0,2.1,0,0,0,0.01,0,0,0,0,1792.2,1916.2,4,0
0.38,7.39,0.19,0.01,0.01,4.88,5.75,0,0.01,0.03,0,0,0,0,0,0,0.06,0,0,0,0,1564,1887.9,8,0
0.11,11.9,0.68,0.25,2.38,0.01,1.76,0,0.01,0.03,0,0,0,0,0,0,0.33,0,0.02,0,0,1021,1128.8,23.6,0
0.32,6.61,0.23,0.01,0.01,4.9,5.75,0,0.01,0.03,0,0,0,0,0,0,0.92,0,0,0,0,1681.2,1984.3,8,0
0.01,4.72,0.06,0.08,10.1,0.01,3.13,0,0.01,0.25,0,0,0.23,0,0,0,0.01,0,0,0,0,1172,1198.2,16,0
0.38,7.27,0.18,0.01,0.01,4.9,3.77,0,0.01,0.03,0,0,0,0,0,0,0.96,0,0,0,0,1722.5,1998.1,5,0
0,5.15,0.06,0.05,10.2,0.01,3.2,0,0.01,0.03,0,0,0.09,0,0,0,0.01,0,0,0,0,1019,1019,19,0
0.37,5.2,0.17,0.01,0.01,4.88,5.84,0,0.91,0.03,0,0,0,0,0,0,1.05,0,0,0,0,1860.3,2156.6,3,0
0.41,6.99,0.19,0.01,0.01,0.02,5.84,0,0.01,0.03,0,0,0,0,0,0,0.92,0,0,0,0,1812.1,2087.7,2,0
0.27,0.41,0.27,0.01,8.28,3.9,0.49,0,0.01,0.03,0,0,0,0,0,0,0.07,0,0,0,0,1139.7,1236.3,15.4,0
0.08,0,0.4,0,0,0,0,0,0,0,0.04,0,0,0,0,0,0,0,0,0,0.05,165,295,30,55
0.08,0,0.4,0,0,0,0,0,0,0,0.04,0,0,0,0,0,0,0,0,0,0.05,285,330,20,45
0.1,0,0.5,0,0,0,0,0,0,0,0.04,0,0,0,0,0,0,0,0,0,0.05,170,305,30,55
0.1,0,0.5,0,0,0,0,0,0,0,0.04,0,0,0,0,0,0,0,0,0,0.05,285,340,20,45
0.13,0,0.5,0,0,0,0,0,0,0,0.04,0,0,0,0,0,0,0,0,0,0.05,180,325,28,50
0.13,0,0.5,0,0,0,0,0,0,0,0.04,0,0,0,0,0,0,0,0,0,0.05,305,365,20,40
0.15,0,0.6,0,0,0,0,0,0,0,0.04,0,0,0,0,0,0,0,0,0,0.05,185,330,28,50
0.15,0,0.6,0,0,0,0,0,0,0,0.04,0,0,0,0,0,0,0,0,0,0.05,310,370,19,40
0.18,0,0.6,0,0,0,0,0,0,0,0.04,0,0,0,0,0,0,0,0,0,0.05,190,345,28,50
0.18,0,0.6,0,0,0,0,0,0,0,0.04,0,0,0,0,0,0,0,0,0,0.05,325,385,18,40
0.18,0,0.9,0,0,0,0,0,0,0,0.04,0,0,0,0,0,0,0,0,0,0.05,205,380,25,50
0.18,0,0.9,0,0,0,0,0,0,0,0.04,0,0,0,0,0,0,0,0,0,0.05,350,420,18,40
0.2,0,0.6,0,0,0,0,0,0,0,0.04,0,0,0,0,0,0,0,0,0,0.05,200,365,26,50
0.2,0,0.6,0,0,0,0,0,0,0,0.04,0,0,0,0,0,0,0,0,0,0.05,340,405,18,40
0.2,0,0.9,0,0,0,0,0,0,0,0.04,0,0,0,0,0,0,0,0,0,0.05,220,400,25,50
0.2,0,0.9,0,0,0,0,0,0,0,0.04,0,0,0,0,0,0,0,0,0,0.05,370,440,15,40
0.2,0,1,0,0,0,0,0,0,0,0.04,0,0,0,0,0,0,0,0,0,0.05,225,405,25,50
0.2,0,1,0,0,0,0,0,0,0,0.04,0,0,0,0,0,0,0,0,0,0.05,380,455,15,40
0.23,0,0.6,0,0,0,0,0,0,0,0.04,0,0,0,0,0,0,0,0,0,0.05,205,380,25,50
0.23,0,0.6,0,0,0,0,0,0,0,0.04,0,0,0,0,0,0,0,0,0,0.05,350,420,15,40
0.23,0,0.9,0,0,0,0,0,0,0,0.04,0,0,0,0,0,0,0,0,0,0.05,230,420,24,48
0.23,0,0.9,0,0,0,0,0,0,0,0.04,0,0,0,0,0,0,0,0,0,0.05,395,470,15,40
0.23,0,1,0,0,0,0,0,0,0,0.04,0,0,0,0,0,0,0,0,0,0.05,235,425,23,47
0.23,0,1,0,0,0,0,0,0,0,0.04,0,0,0,0,0,0,0,0,0,0.05,400,475,15,40
0.25,0,0.6,0,0,0,0,0,0,0,0.04,0,0,0,0,0,0,0,0,0,0.05,215,385,25,50
0.25,0,0.6,0,0,0,0,0,0,0,0.04,0,0,0,0,0,0,0,0,0,0.05,360,425,15,40
0.28,0,0.6,0,0,0,0,0,0,0,0.04,0,0,0,0,0,0,0,0,0,0.05,220,400,25,50
0.28,0,0.6,0,0,0,0,0,0,0,0.04,0,0,0,0,0,0,0,0,0,0.05,370,440,15,40
0.28,0,0.9,0,0,0,0,0,0,0,0.04,0,0,0,0,0,0,0,0,0,0.05,240,440,24,49
0.28,0,0.9,0,0,0,0,0,0,0,0.04,0,0,0,0,0,0,0,0,0,0.05,415,490,15,40
0.34,0,0.9,0,0,0,0,0,0,0,0.04,0,0,0,0,0,0,0,0,0,0.05,260,470,20,42
0.34,0,0.9,0,0,0,0,0,0,0,0.04,0,0,0,0,0,0,0,0,0,0.05,440,525,12,35
0.38,0,0.9,0,0,0,0,0,0,0,0.04,0,0,0,0,0,0,0,0,0,0.05,270,495,18,40
0.38,0,0.9,0,0,0,0,0,0,0,0.04,0,0,0,0,0,0,0,0,0,0.05,460,550,12,35
0.38,0,1,0,0,0,0,0,0,0,0.04,0,0,0,0,0,0,0,0,0,0.05,280,510,18,40
0.38,0,1,0,0,0,0,0,0,0,0.04,0,0,0,0,0,0,0,0,0,0.05,475,565,12,35
0.42,0,0.9,0,0,0,0,0,0,0,0.04,0,0,0,0,0,0,0,0,0,0.05,285,515,18,40
0.42,0,0.9,0,0,0,0,0,0,0,0.04,0,0,0,0,0,0,0,0,0,0.05,485,570,12,35
0.44,0,1,0,0,0,0,0,0,0,0.04,0,0,0,0,0,0,0,0,0,0.05,300,545,16,40
0.44,0,1,0,0,0,0,0,0,0,0.04,0,0,0,0,0,0,0,0,0,0.05,510,605,12,35
0.44,0,0.9,0,0,0,0,0,0,0,0.04,0,0,0,0,0,0,0,0,0,0.05,290,525,18,40
0.44,0,0.9,0,0,0,0,0,0,0,0.04,0,0,0,0,0,0,0,0,0,0.05,490,585,12,35
0.47,0,0.9,0,0,0,0,0,0,0,0.04,0,0,0,0,0,0,0,0,0,0.05,305,550,16,40
0.47,0,0.9,0,0,0,0,0,0,0,0.04,0,0,0,0,0,0,0,0,0,0.05,515,615,12,35
0.47,0,0.9,0,0,0,0,0,0,0,0.04,0,0,0,0,0,0,0,0,0,0.05,505,585,12,45
0.47,0,1,0,0,0,0,0,0,0,0.04,0,0,0,0,0,0,0,0,0,0.05,310,565,16,40
0.47,0,1,0,0,0,0,0,0,0,0.04,0,0,0,0,0,0,0,0,0,0.05,530,625,12,35
0.47,0,1,0,0,0,0,0,0,0,0.04,0,0,0,0,0,0,0,0,0,0.05,515,600,12,45
0.5,0,0.6,0,0,0,0,0,0,0,0.04,0,0,0,0,0,0,0,0,0,0.05,305,550,16,40
0.5,0,0.9,0,0,0,0,0,0,0,0.04,0,0,0,0,0,0,0,0,0,0.05,310,565,16,40
0.5,0,0.9,0,0,0,0,0,0,0,0.04,0,0,0,0,0,0,0,0,0,0.05,530,625,12,35
0.5,0,0.9,0,0,0,0,0,0,0,0.04,0,0,0,0,0,0,0,0,0,0.05,505,585,12,45
0.5,0,1,0,0,0,0,0,0,0,0.04,0,0,0,0,0,0,0,0,0,0.05,325,585,15,40
0.5,0,1,0,0,0,0,0,0,0,0.04,0,0,0,0,0,0,0,0,0,0.05,545,650,12,35
0.5,0,1,0,0,0,0,0,0,0,0.04,0,0,0,0,0,0,0,0,0,0.05,515,620,12,45
0.53,0,0.9,0,0,0,0,0,0,0,0.04,0,0,0,0,0,0,0,0,0,0.05,330,600,15,35
0.53,0,0.9,0,0,0,0,0,0,0,0.04,0,0,0,0,0,0,0,0,0,0.05,560,670,10,30
0.53,0,0.9,0,0,0,0,0,0,0,0.04,0,0,0,0,0,0,0,0,0,0.05,530,635,10,40
0.55,0,0.9,0,0,0,0,0,0,0,0.04,0,0,0,0,0,0,0,0,0,0.05,340,620,15,35
0.55,0,0.9,0,0,0,0,0,0,0,0.04,0,0,0,0,0,0,0,0,0,0.05,580,690,10,30
0.55,0,0.9,0,0,0,0,0,0,0,0.04,0,0,0,0,0,0,0,0,0,0.05,550,655,10,40
0.6,0,0.9,0,0,0,0,0,0,0,0.04,0,0,0,0,0,0,0,0,0,0.05,355,650,12,30
0.6,0,0.9,0,0,0,0,0,0,0,0.04,0,0,0,0,0,0,0,0,0,0.05,560,660,10,40
0.65,0,0.9,0,0,0,0,0,0,0,0.04,0,0,0,0,0,0,0,0,0,0.05,370,675,12,30
0.65,0,0.9,0,0,0,0,0,0,0,0.04,0,0,0,0,0,0,0,0,0,0.05,485,620,10,45
0.7,0,0.8,0,0,0,0,0,0,0,0.04,0,0,0,0,0,0,0,0,0,0.05,370,670,12,30
0.7,0,0.8,0,0,0,0,0,0,0,0.04,0,0,0,0,0,0,0,0,0,0.05,475,615,10,45
0.7,0,0.9,0,0,0,0,0,0,0,0.04,0,0,0,0,0,0,0,0,0,0.05,380,690,12,30
0.7,0,0.9,0,0,0,0,0,0,0,0.04,0,0,0,0,0,0,0,0,0,0.05,490,635,10,45
0.75,0,0.9,0,0,0,0,0,0,0,0.04,0,0,0,0,0,0,0,0,0,0.05,385,705,12,30
0.75,0,0.9,0,0,0,0,0,0,0,0.04,0,0,0,0,0,0,0,0,0,0.05,495,640,10,45
0.8,0,0.8,0,0,0,0,0,0,0,0.04,0,0,0,0,0,0,0,0,0,0.05,400,725,12,30
0.8,0,0.8,0,0,0,0,0,0,0,0.04,0,0,0,0,0,0,0,0,0,0.05,505,650,10,40
0.85,0,0.6,0,0,0,0,0,0,0,0.04,0,0,0,0,0,0,0,0,0,0.05,380,690,12,30
0.85,0,0.6,0,0,0,0,0,0,0,0.04,0,0,0,0,0,0,0,0,0,0.05,500,650,10,40
0.88,0,0.9,0,0,0,0,0,0,0,0.04,0,0,0,0,0,0,0,0,0,0.05,425,770,10,25
0.88,0,0.9,0,0,0,0,0,0,0,0.04,0,0,0,0,0,0,0,0,0,0.05,515,675,10,40
0.93,0,0.9,0,0,0,0,0,0,0,0.04,0,0,0,0,0,0,0,0,0,0.05,450,820,10,25
0.93,0,0.9,0,0,0,0,0,0,0,0.04,0,0,0,0,0,0,0,0,0,0.05,530,690,10,40
0.95,0,1,0,0,0,0,0,0,0,0.04,0,0,0,0,0,0,0,0,0,0.05,460,835,10,25
0.95,0,1,0,0,0,0,0,0,0,0.04,0,0,0,0,0,0,0,0,0,0.05,540,695,10,40
0.93,0,0.5,0,0,0,0,0,0,0,0.04,0,0,0,0,0,0,0,0,0,0.05,425,770,10,25
0.93,0,0.5,0,0,0,0,0,0,0,0.04,0,0,0,0,0,0,0,0,0,0.05,510,670,10,40
0.98,0,0.9,0,0,0,0,0,0,0,0.04,0,0,0,0,0,0,0,0,0,0.05,460,840,10,25
0.98,0,0.9,0,0,0,0,0,0,0,0.04,0,0,0,0,0,0,0,0,0,0.05,540,695,10,40
1.03,0,0.5,0,0,0,0,0,0,0,0.04,0,0,0,0,0,0,0,0,0,0.05,455,825,10,25
1.03,0,0.5,0,0,0,0,0,0,0,0.04,0,0,0,0,0,0,0,0,0,0.05,525,680,10,40
0.13,0,0.8,0,0,0,0,0,0,0,0.04,0,0,0,0,0,0,0,0,0,0.13,190,345,30,50
0.13,0,0.8,0,0,0,0,0,0,0,0.04,0,0,0,0,0,0,0,0,0,0.13,325,385,20,40
0.13,0,0.9,0,0,0,0,0,0,0,0.04,0,0,0,0,0,0,0,0,0,0.13,190,345,30,50
0.13,0,0.9,0,0,0,0,0,0,0,0.04,0,0,0,0,0,0,0,0,0,0.13,325,385,20,40
0.2,0,1.3,0,0,0,0,0,0,0,0.04,0,0,0,0,0,0,0,0,0,0.13,235,425,23,47
0.2,0,1.3,0,0,0,0,0,0,0,0.04,0,0,0,0,0,0,0,0,0,0.13,400,475,15,40
0.2,0,1.6,0,0,0,0,0,0,0,0.04,0,0,0,0,0,0,0,0,0,0.13,250,450,23,47
0.2,0,1.6,0,0,0,0,0,0,0,0.04,0,0,0,0,0,0,0,0,0,0.13,420,495,15,40
0.2,0,1.3,0,0,0,0,0,0,0,0.04,0,0,0,0,0,0,0,0,0,0.33,235,425,23,47
0.2,0,1.3,0,0,0,0,0,0,0,0.04,0,0,0,0,0,0,0,0,0,0.33,400,475,15,40
0.34,0,1.65,0,0,0,0,0,0,0,0.04,0,0,0,0,0,0,0,0,0,0.13,315,570,16,40
0.34,0,1.65,0,0,0,0,0,0,0,0.04,0,0,0,0,0,0,0,0,0,0.13,530,635,12,35
0.39,0,1.65,0,0,0,0,0,0,0,0.04,0,0,0,0,0,0,0,0,0,0.13,330,605,15,35
0.39,0,1.65,0,0,0,0,0,0,0,0.04,0,0,0,0,0,0,0,0,0,0.13,565,675,10,30
0.44,0,1,0,0,0,0,0,0,0,0.04,0,0,0,0,0,0,0,0,0,0.13,300,545,16,40
0.44,0,1,0,0,0,0,0,0,0,0.04,0,0,0,0,0,0,0,0,0,0.13,510,605,12,35
0.45,0,1.65,0,0,0,0,0,0,0,0.04,0,0,0,0,0,0,0,0,0,0.13,355,650,15,35
0.45,0,1.65,0,0,0,0,0,0,0,0.04,0,0,0,0,0,0,0,0,0,0.13,605,725,10,30
0.48,0,1.65,0,0,0,0,0,0,0,0.04,0,0,0,0,0,0,0,0,0,0.33,365,670,15,35
0.48,0,1.65,0,0,0,0,0,0,0,0.04,0,0,0,0,0,0,0,0,0,0.33,620,745,10,30
0.49,0,1,0,0,0,0,0,0,0,0.04,0,0,0,0,0,0,0,0,0,0.07,325,585,15,40
0.49,0,1,0,0,0,0,0,0,0,0.04,0,0,0,0,0,0,0,0,0,0.07,550,650,12,35
0.49,0,1,0,0,0,0,0,0,0,0.04,0,0,0,0,0,0,0,0,0,0.13,325,585,15,40
0.49,0,1,0,0,0,0,0,0,0,0.04,0,0,0,0,0,0,0,0,0,0.13,550,650,12,35
0.55,0,1,0,0,0,0,0,0,0,0.04,0,0,0,0,0,0,0,0,0,0.13,350,635,15,35
0.55,0,1,0,0,0,0,0,0,0,0.04,0,0,0,0,0,0,0,0,0,0.13,595,705,10,30
0.13,0,0.12,0,0,0,0,0,0,0,0.1,0,0,0,0,0,0,0,0,0,0.15,230,380,25,45
0.13,0,0.12,0,0,0,0,0,0,0,0.1,0,0,0,0,0,0,0,0,0,0.15,400,515,10,35
0.13,0,0.12,0,0,0,0,0,0,0,0.16,0,0,0,0,0,0,0,0,0,0.23,230,385,25,45
0.13,0,0.12,0,0,0,0,0,0,0,0.16,0,0,0,0,0,0,0,0,0,0.23,415,540,10,35
0.13,0,0.12,0,0,0,0,0,0,0,0.24,0,0,0,0,0,0,0,0,0,0.33,230,385,25,45
0.13,0,0.12,0,0,0,0,0,0,0,0.24,0,0,0,0,0,0,0,0,0,0.33,415,540,10,35
0.015,0,1.15,0,0,0,0,0,0,0,0.09,0,0,0,0,0,0,0,0,0,0.35,235,395,22,45
0.015,0,1.15,0,0,0,0,0,0,0,0.09,0,0,0,0,0,0,0,0,0,0.35,415,540,10,35
0.43,0,1.9,0,0,0,0,0,0,0,0.035,0,0,0,0,0,0,0,0,0,0.04,558,834,22,63
0.43,0,1.9,0,0,0,0,0,0,0,0.035,0,0,0,0,0,0,0,0,0,0.04,434,703,25.5,57
0.25,0,1.65,0,0,0,0,0,0,0,0.04,0,0,0,0,0,0,0,0,0,0.05,285,510,20,42
0.25,0,1.65,0,0,0,0,0,0,0,0.04,0,0,0,0,0,0,0,0,0,0.05,475,565,12,35
0.29,0,1.5,0,0,0,0,0,0,0,0.04,0,0,0,0,0,0,0,0,0,0.05,285,515,18,40
0.29,0,1.5,0,0,0,0,0,0,0,0.04,0,0,0,0,0,0,0,0,0,0.05,485,570,12,35
0.37,0,1.5,0,0,0,0,0,0,0,0.04,0,0,0,0,0,0,0,0,0,0.05,315,570,16,40
0.37,0,1.5,0,0,0,0,0,0,0,0.04,0,0,0,0,0,0,0,0,0,0.05,535,635,12,35
0.44,0,1.65,0,0,0,0,0,0,0,0.04,0,0,0,0,0,0,0,0,0,0.05,350,635,15,40
0.44,0,1.65,0,0,0,0,0,0,0,0.04,0,0,0,0,0,0,0,0,0,0.05,600,705,10,30
0.44,0,1.65,0,0,0,0,0,0,0,0.04,0,0,0,0,0,0,0,0,0,0.05,550,650,10,45
0.51,0,1.65,0,0,0,0,0,0,0,0.04,0,0,0,0,0,0,0,0,0,0.05,360,650,15,30
0.51,0,1.65,0,0,0,0,0,0,0,0.04,0,0,0,0,0,0,0,0,0,0.05,605,710,10,28
0.51,0,1.65,0,0,0,0,0,0,0,0.04,0,0,0,0,0,0,0,0,0,0.05,585,655,10,35
0.52,0,1.4,0,0,0,0,0,0,0,0.04,0,0,0,0,0,0,0,0,0,0.05,365,660,14,33
0.52,0,1.4,0,0,0,0,0,0,0,0.04,0,0,0,0,0,0,0,0,0,0.05,615,735,10,28
0.52,0,1.4,0,0,0,0,0,0,0,0.04,0,0,0,0,0,0,0,0,0,0.05,540,645,10,35
0.55,0,1.5,0,0,0,0,0,0,0,0.04,0,0,0,0,0,0,0,0,0,0.05,410,745,12,30
0.55,0,1.5,0,0,0,0,0,0,0,0.04,0,0,0,0,0,0,0,0,0,0.05,570,675,10,40
0.43,0.75,0.9,0.35,1.4,0,0,0,0,0,0.04,0,0,0,0,0,0,0,0,0,0.04,600,889,19.7,57
0.43,0.75,0.9,0.35,1.4,0,0,0,0,0,0.04,0,0,0,0,0,0,0,0,0,0.04,420,690,24.5,51
0.33,0,0.6,0,0,0,0,0,0,0,0.035,0,0,0,0,0,0,0,0,0,0.04,435,670,25.5,59.5
0.33,0,0.6,0,0,0,0,0,0,0,0.035,0,0,0,0,0,0,0,0,0,0.04,460,560,21.5,59.6
0.33,0,0.6,0,0,0,0,0,0,0,0.035,0,0,0,0,0,0,0,0,0,0.04,979,1040,18.1,63.9
0.43,0,1,0,0,0,0,0,0,0,0.035,0,0,0,0,0,0,0,0,0,0.04,655,1020,17.7,46.8
0.43,0,1,0,0,0,0,0,0,0,0.035,0,0,0,0,0,0,0,0,0,0.04,915,655,25.7,56.9
0.43,0,1,0,0,0,0,0,0,0,0.035,0,0,0,0,0,0,0,0,0,0.04,986,1075,15.5,56.9
0.53,0,1,0,0,0,0,0,0,0,0.035,0,0,0,0,0,0,0,0,0,0.04,731,116,11.7,30.8
0.53,0,1,0,0,0,0,0,0,0,0.035,0,0,0,0,0,0,0,0,0,0.04,380,731,20.2,40.2
0.53,0,1,0,0,0,0,0,0,0,0.035,0,0,0,0,0,0,0,0,0,0.04,1215,1310,13.5,47.2
0.22,0,0.65,0,0,0,0,0,0,0,0.035,0,0,0,0,0,0,0,0,0,0.04,460,793,20.8,51
0.22,0,0.65,0,0,0,0,0,0,0,0.035,0,0,0,0,0,0,0,0,0,0.04,425,580,29,58
0.43,0,0.8,0,0,0,0,0,0,0,0.035,0,0,0,0,0,0,0,0,0,0.04,862,1282,12.2,36.3
0.43,0,0.8,0,0,0,0,0,0,0,0.035,0,0,0,0,0,0,0,0,0,0.04,470,745,22,50
0.43,0,0.8,0,0,0,0,0,0,0,0.035,0,0,0,0,0,0,0,0,0,0.04,1145,1207,14.2,45.9
0.23,0,0.65,0,0,0,0,0,0,0,0.035,0,0,0,0,0,0,0,0,0,0.04,350,515,32.5,69.4
0.23,0,0.65,0,0,0,0,0,0,0,0.035,0,0,0,0,0,0,0,0,0,0.04,330,450,31.2,62.8
0.22,0,0.65,0,0,0,0,0,0,0,0.035,0,0,0,0,0,0,0,0,0,0.04,365,570,29,66.7
0.22,0,0.65,0,0,0,0,0,0,0,0.035,0,0,0,0,0,0,0,0,0,0.04,370,510,31.3,60.3
0.23,0,0.7,0,0,0,0,0,0,0,0.035,0,0,0,0,0,0,0,0,0,0.04,485,758,24,59.2
0.23,0,0.7,0,0,0,0,0,0,0,0.035,0,0,0,0,0,0,0,0,0,0.04,460,685,22.3,58.8
0.43,0,0.9,0,0,0,0,0,0,0,0.035,0,0,0,0,0,0,0,0,0,0.04,470,793,22.7,59.2
0.43,0,0.9,0,0,0,0,0,0,0,0.035,0,0,0,0,0,0,0,0,0,0.04,290,570,28.6,57.3
0.43,0,0.9,0,0,0,0,0,0,0,0.035,0,0,0,0,0,0,0,0,0,0.04,841,972,18.5,58.9
0.53,0,0.9,0,0,0,0,0,0,0,0.035,0,0,0,0,0,0,0,0,0,0.04,530,869,20.7,58.7
0.53,0,0.9,0,0,0,0,0,0,0,0.035,0,0,0,0,0,0,0,0,0,0.04,360,675,22,43.7
0.53,0,0.9,0,0,0,0,0,0,0,0.035,0,0,0,0,0,0,0,0,0,0.04,1000,1055,16.4,52.9
0.64,0,1,0,0,0,0,0,0,0,0.035,0,0,0,0,0,0,0,0,0,0.04,650,1025,18.2,50.7
0.64,0,1,0,0,0,0,0,0,0,0.035,0,0,0,0,0,0,0,0,0,0.04,275,724,17.2,30.6
0.64,0,1,0,0,0,0,0,0,0,0.035,0,0,0,0,0,0,0,0,0,0.04,1005,1145,14.5,45.7
0.53,0,0.9,0,0,0,0,0,0,0,0.035,0,0,0,0,0,0,0,0,0,0.04,615,938,21.8,61
0.53,0,0.9,0,0,0,0,0,0,0,0.035,0,0,0,0,0,0,0,0,0,0.04,415,670,23,48.4
0.53,0,0.9,0,0,0,0,0,0,0,0.035,0,0,0,0,0,0,0,0,0,0.04,1160,1200,14.5,48.2
0.23,0,0.9,0,0,0,0,0,0,0,0.035,0,0,0,0,0,0,0,0,0,0.04,360,635,26.3,59.7
0.23,0,0.9,0,0,0,0,0,0,0,0.035,0,0,0,0,0,0,0,0,0,0.04,385,540,31.3,62.1
0.33,0,0.9,0,0,0,0,0,0,0,0.035,0,0,0,0,0,0,0,0,0,0.04,425,650,23.5,53.5
0.33,0,0.9,0,0,0,0,0,0,0,0.035,0,0,0,0,0,0,0,0,0,0.04,370,565,29,58.9
0.33,0,0.9,0,0,0,0,0,0,0,0.035,0,0,0,0,0,0,0,0,0,0.04,850,931,18.7,59.6
0.53,0.6,1,0.3,0.7,0,0.25,0,0,0,0.035,0,0,0,0,0,0,0,0,0,0.045,690,1025,14,45
0.53,0.6,1,0.3,0.7,0,0.25,0,0,0,0.035,0,0,0,0,0,0,0,0,0,0.045,385,715,22.5,46
0.53,0.6,1,0.3,0.7,0,0.25,0,0,0,0.035,0,0,0,0,0,0,0,0,0,0.045,1105,1185,14.5,49.1
0.43,0,1,0,0,0,0,0,0,0,0.035,0,0,0,0,0,0,0,0,0,0.04,605,931,16,47.9
0.43,0,1,0,0,0,0,0,0,0,0.035,0,0,0,0,0,0,0,0,0,0.04,415,696,22.2,46.4
0.43,0,1,0,0,0,0,0,0,0,0.035,0,0,0,0,0,0,0,0,0,0.04,1130,1225,16,53
0.59,0,0.95,0,0,0,0,0,0,0,0.035,0,0,0,0,0,0,0,0,0,0.04,580,931,19.7,43.4
0.59,0,0.95,0,0,0,0,0,0,0,0.035,0,0,0,0,0,0,0,0,0,0.04,485,779,21.7,41.1
0.59,0,0.95,0,0,0,0,0,0,0,0.035,0,0,0,0,0,0,0,0,0,0.04,924,1130,16.7,38.3
0.13,1.4,0.65,0.35,3.5,0,0.15,0,0,0,0.025,0,0,0,0,0,0,0,0,0,0.025,570,910,18.8,58.1
0.13,1.4,0.65,0.35,3.5,0,0.15,0,0,0,0.025,0,0,0,0,0,0,0,0,0,0.025,450,820,17.3,42.1
